2025-06-07 18:26:59.910389,55.0,55.0,False,0,None,None
2025-06-07 18:27:01.973609,138.0,138.0,False,0,None,None
2025-06-07 18:27:02.461661,23.0,23.0,False,0,None,None
2025-06-07 18:27:03.936510,81.0,81.0,False,0,None,None
2025-06-07 18:27:04.239834,53.0,53.0,False,0,None,None
2025-06-07 18:27:06.045827,125.0,125.0,False,0,None,None
2025-06-07 18:27:06.211140,53.0,53.0,False,0,None,None
2025-06-07 18:27:08.043988,126.0,126.0,False,0,None,None
2025-06-07 18:27:08.043988,124.0,122.92,False,0,None,None
2025-06-07 18:27:10.154219,45.0,119.18,False,0,None,None
2025-06-07 18:27:10.146026,304.0,247.27,False,0,None,None
2025-06-07 18:27:12.744641,217.0,126.11,False,0,None,None
2025-06-07 18:27:14.441830,227.0,207.93,False,0,None,None
2025-06-07 18:27:15.070453,100.0,117.68,False,0,None,None
2025-06-07 18:27:16.773058,220.0,205.01,False,0,None,None
2025-06-07 18:27:19.171944,68.0,220.07,False,0,None,None
2025-06-07 18:27:21.107464,71.0,205.01,False,0,None,None
2025-06-07 18:27:23.370670,233.0,247.27,False,0,None,None
2025-06-07 18:27:26.804680,95.0,220.07,False,0,None,None
2025-06-07 18:27:28.800208,181.0,194.1,False,0,None,None
2025-06-07 18:27:30.798859,115.0,185.43,False,0,None,None
2025-06-07 18:27:32.365637,78.0,179.27,False,0,None,None
2025-06-07 18:27:33.965040,148.0,179.77,False,0,None,None
2025-06-07 18:27:35.427071,62.0,176.12,False,0,None,None
2025-06-07 18:27:37.504206,71.0,171.74,False,0,None,None
2025-06-07 18:27:39.164992,105.0,171.74,False,0,None,None
2025-06-07 18:27:41.011296,109.0,171.74,False,0,None,None
2025-06-07 18:27:17.542824,298.0,126.11,True,1.363016414241535,None,None
2025-06-07 18:27:42.623454,224.0,202.69,False,0,None,None
2025-06-07 18:27:43.903323,86.0,117.68,False,0,None,None
2025-06-07 18:27:45.544452,99.0,122.87,False,0,None,None
2025-06-07 18:27:47.130501,118.0,122.87,False,0,None,None
2025-06-07 18:27:49.277757,141.0,122.97,False,0,None,None
2025-06-07 18:27:51.528216,166.0,124.28,False,0,None,None
2025-06-07 18:27:53.393628,59.0,116.6,False,0,None,None
2025-06-07 18:27:44.534509,245.0,106.09,True,1.309359977377698,None,None
2025-06-07 18:27:55.423846,275.0,126.11,True,1.1806359527396717,None,None
2025-06-07 18:28:20.693594,66.0,117.68,False,0,None,None
2025-06-07 18:28:22.461922,82.0,122.87,False,0,None,None
2025-06-07 18:28:24.683111,86.0,122.87,False,0,None,None
2025-06-07 18:28:26.124619,32.0,49.65,False,0,None,None
2025-06-07 18:28:28.607709,68.0,130.39,False,0,None,None
2025-06-07 18:28:30.366083,47.0,92.12,False,0,None,None
2025-06-07 18:28:31.885316,83.0,130.64,False,0,None,None
2025-06-07 18:28:09.244190,315.0,149.15,True,1.111967817633255,None,None
2025-06-07 18:28:33.772577,220.0,210.11,False,0,None,None
2025-06-07 18:28:34.242211,163.0,103.41,False,0,None,None
2025-06-07 18:28:35.187189,35.0,78.16,False,0,None,None
2025-06-07 18:28:35.629492,60.0,118.98,False,0,None,None
2025-06-07 18:28:36.524138,52.0,100.4,False,0,None,None
2025-06-07 18:28:36.921792,42.0,114.35,False,0,None,None
2025-06-07 18:28:37.908790,31.0,90.31,False,0,None,None
2025-06-07 18:28:38.543984,70.0,125.16,False,0,None,None
2025-06-07 18:28:39.561336,50.0,112.11,False,0,None,None
2025-06-07 18:28:39.882266,47.0,89.89,False,0,None,None
2025-06-07 18:28:40.870535,68.0,117.83,False,0,None,None
2025-06-07 18:28:41.113232,35.0,113.89,False,0,None,None
2025-06-07 18:28:42.296688,55.0,96.45,False,0,None,None
2025-06-07 18:28:42.609709,47.0,119.05,False,0,None,None
2025-06-07 18:28:43.885657,33.0,94.09,False,0,None,None
2025-06-07 18:28:44.279569,82.0,103.82,False,0,None,None
2025-06-07 18:28:45.486788,74.0,128.83,False,0,None,None
2025-06-07 18:28:46.073616,65.0,92.34,False,0,None,None
2025-06-07 18:28:46.923475,69.0,96.3,False,0,None,None
2025-06-07 18:28:47.484413,63.0,92.46,False,0,None,None
2025-06-07 18:28:48.373536,32.0,75.66,False,0,None,None
2025-06-07 18:28:48.865831,57.0,93.16,False,0,None,None
2025-06-07 18:28:49.814010,58.0,132.65,False,0,None,None
2025-06-07 18:28:50.387429,82.0,98.05,False,0,None,None
2025-06-07 18:28:51.087239,72.0,104.04,False,0,None,None
2025-06-07 18:28:52.064580,81.0,94.1,False,0,None,None
2025-06-07 18:28:52.443447,34.0,77.38,False,0,None,None
2025-06-07 18:28:53.436452,43.0,92.78,False,0,None,None
2025-06-07 18:28:53.803039,43.0,102.04,False,0,None,None
2025-06-07 18:28:54.692947,27.0,92.02,False,0,None,None
2025-06-07 18:28:55.322848,73.0,140.36,False,0,None,None
2025-06-07 18:28:56.405277,21.0,93.15,False,0,None,None
2025-06-07 18:28:56.689725,76.0,72.01,False,0,None,None
2025-06-07 18:28:57.745997,72.0,109.19,False,0,None,None
2025-06-07 18:28:58.763189,39.0,35.69,False,0,None,None
2025-06-07 18:28:59.241176,59.0,50.19,False,0,None,None
2025-06-07 18:29:00.226116,60.0,74.02,False,0,None,None
2025-06-07 18:29:01.240062,27.0,53.55,False,0,None,None
2025-06-07 18:29:02.017461,25.0,51.58,False,0,None,None
2025-06-07 18:29:02.716804,63.0,72.2,False,0,None,None
2025-06-07 18:29:03.573314,54.0,71.26,False,0,None,None
2025-06-07 18:29:04.209020,46.0,59.33,False,0,None,None
2025-06-07 18:29:05.024613,59.0,69.61,False,0,None,None
2025-06-07 18:29:05.843666,88.0,80.99,False,0,None,None
2025-06-07 18:29:06.700654,24.0,49.67,False,0,None,None
2025-06-07 18:29:07.340215,47.0,54.92,False,0,None,None
2025-06-07 18:29:08.023051,16.0,64.81,False,0,None,None
2025-06-07 18:29:09.242534,76.0,78.85,False,0,None,None
2025-06-07 18:29:11.659241,85.0,68.64,False,0,None,None
2025-06-07 18:29:11.707825,85.0,75.19,False,0,None,None
2025-06-07 18:29:14.278490,49.0,43.2,False,0,None,None
2025-06-07 18:29:14.306627,26.0,65.76,False,0,None,None
2025-06-07 18:29:16.061262,84.0,72.9,False,0,None,None
2025-06-07 18:29:16.072319,76.0,79.32,False,0,None,None
2025-06-07 18:29:17.822573,68.0,55.1,False,0,None,None
2025-06-07 18:29:18.525989,73.0,61.28,False,0,None,None
2025-06-07 18:29:19.721571,41.0,43.08,False,0,None,None
2025-06-07 18:29:20.688579,38.0,54.74,False,0,None,None
2025-06-07 18:29:21.002474,71.0,72.84,False,0,None,None
2025-06-07 18:29:22.124570,83.0,75.42,False,0,None,None
2025-06-07 18:29:22.919814,120.0,71.98,False,0,None,None
2025-06-07 18:29:24.205199,77.0,61.64,False,0,None,None
2025-06-07 18:29:24.366917,25.0,41.91,False,0,None,None
2025-06-07 18:29:25.563393,70.0,61.01,False,0,None,None
2025-06-07 18:29:25.751562,75.0,77.55,False,0,None,None
2025-06-07 18:29:27.128115,92.0,89.68,False,0,None,None
2025-06-07 18:29:27.193480,26.0,40.19,False,0,None,None
2025-06-07 18:29:28.972853,23.0,68.27,False,0,None,None
2025-06-07 18:29:28.943114,48.0,61.51,False,0,None,None
2025-06-07 18:29:30.927859,48.0,66.56,False,0,None,None
2025-06-07 18:29:31.077588,29.0,36.84,False,0,None,None
2025-06-07 18:29:32.692391,107.0,95.03,False,0,None,None
2025-06-07 18:29:33.862534,20.0,30.49,False,0,None,None
2025-06-07 18:29:34.541817,64.0,58.2,False,0,None,None
2025-06-07 18:29:35.284585,19.0,48.6,False,0,None,None
2025-06-07 18:29:38.221300,56.0,59.56,False,0,None,None
2025-06-07 18:29:36.142698,49.0,48.25,False,0,None,None
2025-06-07 18:29:39.896020,169.0,180.91,False,0,None,None
2025-06-07 18:29:40.010167,184.0,185.37,False,0,None,None
2025-06-07 18:29:41.326186,55.0,28.95,False,0,None,None
2025-06-07 18:29:41.567661,101.0,74.44,False,0,None,None
2025-06-07 18:29:42.940109,161.0,126.92,False,0,None,None
2025-06-07 18:29:43.011503,72.0,65.89,False,0,None,None
2025-06-07 18:29:44.374821,16.0,69.04,False,0,None,None
2025-06-07 18:29:45.723801,57.0,97.28,False,0,None,None
2025-06-07 18:29:47.012559,86.0,78.55,False,0,None,None
2025-06-07 18:29:48.361803,80.0,51.35,False,0,None,None
2025-06-07 19:22:34.417034,156.0,156.0,False,0,None,None
2025-06-07 19:22:37.056566,35.0,35.0,False,0,None,None
2025-06-07 19:22:38.772278,56.0,56.0,False,0,None,None
2025-06-07 19:22:40.339878,85.0,85.0,False,0,None,None
2025-06-07 19:22:41.667612,22.0,36.79,False,0,None,None
2025-06-07 19:22:44.619893,124.0,55.62,True,1.2294138798993168,None,None
2025-06-07 19:23:09.257532,42.0,44.52,False,0,None,None
2025-06-07 19:23:11.038180,140.0,61.04,True,1.2935779816513764,None,None
2025-06-07 19:23:36.039907,117.0,54.03,True,1.1654636313159354,None,None
2025-06-07 19:24:01.589357,148.0,69.39,True,1.1328721717826775,None,None
2025-06-07 19:24:26.460408,107.0,59.05,False,0,None,None
2025-06-07 19:24:28.062579,20.0,51.02,False,0,None,None
2025-06-07 19:24:29.646711,133.0,61.83,True,1.151059356299531,None,None
2025-06-07 19:24:54.527475,117.0,65.42,False,0,None,None
2025-06-07 19:24:55.908642,23.0,44.66,False,0,None,None
2025-06-07 19:24:57.324825,136.0,55.89,True,1.433351225621757,None,None
2025-06-07 19:25:23.053450,127.0,65.99,False,0,None,None
2025-06-07 19:25:24.430314,65.0,50.44,False,0,None,None
2025-06-07 19:25:25.787081,31.0,51.54,False,0,None,None
2025-06-07 19:25:27.396880,53.0,69.33,False,0,None,None
2025-06-07 19:25:29.610337,68.0,74.57,False,0,None,None
2025-06-07 19:25:30.980061,40.0,71.62,False,0,None,None
2025-06-07 19:25:32.579202,48.0,74.81,False,0,None,None
2025-06-07 19:25:34.497470,114.0,102.0,False,0,None,None
2025-06-07 19:25:35.963418,77.0,54.35,False,0,None,None
2025-06-07 19:25:37.470441,181.0,115.25,False,0,None,None
2025-06-07 19:25:39.529712,23.0,40.18,False,0,None,None
2025-06-07 19:25:41.377572,152.0,106.87,False,0,None,None
2025-06-07 19:25:42.992124,140.0,101.6,False,0,None,None
2025-06-07 19:25:44.418479,41.0,41.21,False,0,None,None
2025-06-07 19:25:45.968454,177.0,112.18,False,0,None,None
2025-06-07 19:25:47.604762,116.0,57.58,True,1.0145883987495659,None,None
2025-06-07 19:26:12.734502,30.0,41.67,False,0,None,None
2025-06-07 19:26:14.321926,117.0,113.49,False,0,None,None
2025-06-07 19:26:15.851821,39.0,40.3,False,0,None,None
2025-06-07 19:26:17.291792,158.0,116.36,False,0,None,None
2025-06-07 19:26:18.806270,62.0,37.6,False,0,None,None
2025-06-07 19:26:20.090601,47.0,92.48,False,0,None,None
2025-06-07 19:26:21.618150,145.0,117.13,False,0,None,None
2025-06-07 19:26:22.940904,23.0,31.52,False,0,None,None
2025-06-07 19:26:24.921665,16.0,57.66,False,0,None,None
2025-06-07 19:26:27.689246,179.0,140.89,False,0,None,None
2025-06-07 19:26:29.260515,42.0,35.26,False,0,None,None
2025-06-07 19:26:30.813005,42.0,60.15,False,0,None,None
2025-06-07 19:26:32.339589,39.0,61.1,False,0,None,None
2025-06-07 19:26:34.090061,40.0,64.53,False,0,None,None
2025-06-07 19:26:35.560512,64.0,70.54,False,0,None,None
2025-06-07 19:26:37.063125,93.0,82.5,False,0,None,None
2025-06-07 19:26:39.113750,130.0,96.76,False,0,None,None
2025-06-07 19:26:40.570633,88.0,62.96,False,0,None,None
2025-06-07 19:26:42.205435,250.0,162.97,False,0,None,None
2025-06-07 19:26:43.852979,96.0,68.02,False,0,None,None
2025-06-07 19:26:45.344893,45.0,101.69,False,0,None,None
2025-06-07 19:26:46.803896,228.0,164.73,False,0,None,None
2025-06-07 19:26:48.326039,116.0,73.25,False,0,None,None
2025-06-07 19:26:50.120896,51.0,65.73,False,0,None,None
2025-06-07 19:26:51.555471,88.0,130.9,False,0,None,None
2025-06-07 19:26:52.944746,136.0,135.73,False,0,None,None
2025-06-07 19:26:54.742319,178.0,131.65,False,0,None,None
2025-06-07 19:26:56.170909,49.0,49.53,False,0,None,None
2025-06-07 19:26:58.397429,128.0,141.19,False,0,None,None
2025-06-07 19:26:59.851126,33.0,57.23,False,0,None,None
2025-06-07 19:27:01.535163,90.0,137.51,False,0,None,None
2025-06-07 19:27:03.101717,70.0,58.72,False,0,None,None
2025-06-07 19:27:04.976429,70.0,57.61,False,0,None,None
2025-06-07 19:27:07.274621,215.0,163.68,False,0,None,None
2025-06-07 19:27:08.909468,94.0,60.59,False,0,None,None
2025-06-07 19:27:10.841188,173.0,149.93,False,0,None,None
2025-06-07 19:27:12.648212,54.0,85.51,False,0,None,None
2025-06-07 19:27:13.931785,75.0,106.2,False,0,None,None
2025-06-07 19:27:15.611598,77.0,66.55,False,0,None,None
2025-06-07 19:27:17.383562,139.0,129.89,False,0,None,None
2025-06-07 19:27:19.053887,27.0,51.2,False,0,None,None
2025-06-07 19:27:20.503796,23.0,48.4,False,0,None,None
2025-06-07 19:27:21.940005,91.0,133.45,False,0,None,None
2025-06-07 19:27:23.355036,113.0,49.09,True,1.3018944795273986,None,None
2025-06-07 19:27:48.639190,275.0,194.97,False,0,None,None
2025-06-07 19:27:50.178632,115.0,85.9,False,0,None,None
2025-06-07 19:27:51.975902,129.0,104.72,False,0,None,None
2025-06-07 19:27:53.529747,146.0,136.74,False,0,None,None
2025-06-07 19:27:55.941884,27.0,102.32,False,0,None,None
2025-06-07 19:27:57.528573,32.0,74.85,False,0,None,None
2025-06-07 19:27:58.992244,163.0,173.84,False,0,None,None
2025-06-07 19:28:00.926321,64.0,51.16,False,0,None,None
2025-06-07 19:28:02.636072,135.0,126.51,False,0,None,None
2025-06-07 19:28:04.985935,21.0,50.45,False,0,None,None
2025-06-07 19:28:06.377514,21.0,51.18,False,0,None,None
2025-06-07 19:28:07.892647,149.0,145.15,False,0,None,None
2025-06-07 19:28:09.338784,19.0,41.64,False,0,None,None
2025-06-07 19:28:10.734172,40.0,63.19,False,0,None,None
2025-06-07 19:28:11.994437,42.0,49.8,False,0,None,None
2025-06-07 19:28:13.696235,56.0,57.63,False,0,None,None
2025-06-07 19:28:15.511997,135.0,120.08,False,0,None,None
2025-06-07 19:28:17.323190,124.0,54.85,True,1.260711030082042,None,None
2025-06-07 19:28:43.158641,41.0,38.79,False,0,None,None
2025-06-07 19:28:44.648495,49.0,72.15,False,0,None,None
2025-06-07 19:28:46.040088,83.0,122.83,False,0,None,None
2025-06-07 19:28:49.613788,60.0,83.37,False,0,None,None
2025-06-07 19:28:51.233914,161.0,145.89,False,0,None,None
2025-06-07 19:28:52.979663,58.0,53.94,False,0,None,None
2025-06-07 19:28:56.643863,153.0,153.94,False,0,None,None
2025-06-07 19:28:59.833087,27.0,29.78,False,0,None,None
2025-06-07 19:29:03.703624,145.0,147.88,False,0,None,None
2025-06-07 19:29:09.932312,51.0,44.13,False,0,None,None
2025-06-07 19:29:13.290426,62.0,63.03,False,0,None,None
2025-06-07 19:29:16.194402,176.0,165.61,False,0,None,None
2025-06-07 19:29:18.960293,198.0,175.37,False,0,None,None
2025-06-07 19:29:21.372995,42.0,47.13,False,0,None,None
2025-06-07 19:29:24.331909,22.0,33.21,False,0,None,None
2025-06-07 19:29:28.093476,23.0,27.93,False,0,None,None
2025-06-07 19:29:31.380306,77.0,95.5,False,0,None,None
2025-06-07 19:29:34.473911,85.0,74.09,False,0,None,None
2025-06-07 19:29:38.275769,75.0,75.05,False,0,None,None
2025-06-07 19:29:42.257342,53.0,58.73,False,0,None,None
2025-06-07 19:29:45.477135,35.0,41.61,False,0,None,None
2025-06-07 19:29:49.687781,29.0,36.38,False,0,None,None
2025-06-07 19:29:54.011933,57.0,68.5,False,0,None,None
2025-06-07 19:29:57.607398,127.0,126.84,False,0,None,None
2025-06-07 19:30:00.894843,24.0,38.05,False,0,None,None
2025-06-07 19:30:05.424167,86.0,95.14,False,0,None,None
2025-06-07 19:30:10.778141,115.0,106.32,False,0,None,None
2025-06-07 19:30:16.304726,71.0,72.02,False,0,None,None
2025-06-07 19:30:21.159342,71.0,69.15,False,0,None,None
2025-06-07 19:30:24.503322,151.0,147.37,False,0,None,None
2025-06-07 19:30:29.510801,167.0,154.58,False,0,None,None
2025-06-07 19:30:33.679066,220.0,202.84,False,0,None,None
2025-06-07 19:30:38.729505,153.0,141.28,False,0,None,None
2025-06-07 19:30:42.262379,44.0,78.86,False,0,None,None
2025-06-07 19:30:46.176417,42.0,66.1,False,0,None,None
2025-06-07 19:30:50.743294,91.0,107.02,False,0,None,None
2025-06-07 19:30:54.036752,158.0,145.44,False,0,None,None
2025-06-07 19:30:58.469314,18.0,23.98,False,0,None,None
2025-06-07 19:31:06.090762,144.0,144.52,False,0,None,None
2025-06-07 19:31:10.793272,148.0,129.79,False,0,None,None
2025-06-07 19:31:14.715227,72.0,77.61,False,0,None,None
2025-06-07 19:31:18.541370,127.0,128.88,False,0,None,None
2025-06-07 19:31:20.645758,50.0,62.87,False,0,None,None
2025-06-07 19:31:22.628036,31.0,43.7,False,0,None,None
2025-06-07 19:31:24.609095,166.0,160.37,False,0,None,None
2025-06-07 19:31:27.317219,134.0,103.03,False,0,None,None
2025-06-07 19:31:29.720803,67.0,58.67,False,0,None,None
2025-06-07 19:31:31.146085,89.0,89.0,False,0,None,None
2025-06-07 19:31:32.774196,120.0,120.0,False,0,None,None
2025-06-07 19:31:35.454927,125.0,125.0,False,0,None,None
2025-06-07 19:31:37.667203,104.0,104.0,False,0,None,None
2025-06-07 19:31:32.366174,101.0,110.5,False,0,None,None
2025-06-07 19:31:39.708138,52.0,70.53,False,0,None,None
2025-06-07 19:31:44.656067,31.0,80.39,False,0,None,None
2025-06-07 19:31:46.710929,136.0,78.79,False,0,None,None
2025-06-07 19:31:44.015165,16.0,28.22,False,0,None,None
2025-06-07 19:31:49.009497,85.0,70.53,False,0,None,None
2025-06-07 19:31:50.702973,150.0,78.79,False,0,None,None
2025-06-07 19:31:52.492750,38.0,70.53,False,0,None,None
2025-06-07 19:31:49.644666,20.0,29.73,False,0,None,None
2025-06-07 19:31:55.053074,47.0,82.9,False,0,None,None
2025-06-07 19:31:56.882152,77.0,82.71,False,0,None,None
2025-06-07 19:32:00.109464,52.0,86.25,False,0,None,None
2025-06-07 19:31:55.958173,41.0,48.02,False,0,None,None
2025-06-07 19:32:06.120761,60.0,61.43,False,0,None,None
2025-06-07 19:32:10.293029,48.0,51.08,False,0,None,None
2025-06-07 19:32:13.606255,158.0,149.99,False,0,None,None
2025-06-07 19:32:16.549435,100.0,88.03,False,0,None,None
2025-06-07 19:32:20.061024,122.0,105.98,False,0,None,None
2025-06-07 19:32:22.023041,45.0,54.83,False,0,None,None
2025-06-07 19:32:24.820473,95.0,105.55,False,0,None,None
2025-06-07 19:32:03.194496,206.0,86.43,True,1.383431678815226,None,None
2025-06-07 19:32:28.952909,24.0,78.11,False,0,None,None
2025-06-07 19:32:27.276783,125.0,119.68,False,0,None,None
2025-06-07 19:32:30.523004,181.0,97.95,False,0,None,None
2025-06-07 19:32:30.591727,76.0,73.16,False,0,None,None
2025-06-07 19:32:32.499657,124.0,90.21,False,0,None,None
2025-06-07 19:32:33.858249,27.0,90.21,False,0,None,None
2025-06-07 19:32:32.818293,54.0,63.13,False,0,None,None
2025-06-07 19:32:35.690879,49.0,89.91,False,0,None,None
2025-06-07 19:32:35.686884,49.0,55.08,False,0,None,None
2025-06-07 19:32:37.420547,221.0,202.05,False,0,None,None
2025-06-07 19:32:38.316347,195.0,191.54,False,0,None,None
2025-06-07 19:32:39.784340,167.0,106.12,False,0,None,None
2025-06-07 19:32:41.220304,69.0,106.64,False,0,None,None
2025-06-07 19:32:41.127372,79.0,61.01,False,0,None,None
2025-06-07 19:32:42.760142,160.0,163.91,False,0,None,None
2025-06-07 19:32:44.336418,29.0,112.23,False,0,None,None
2025-06-07 19:32:43.971692,38.0,44.77,False,0,None,None
2025-06-07 19:32:46.729725,102.0,150.78,False,0,None,None
2025-06-07 19:32:47.006900,37.0,39.95,False,0,None,None
2025-06-07 19:32:48.129660,52.0,94.42,False,0,None,None
2025-06-07 19:32:49.245259,182.0,194.26,False,0,None,None
2025-06-07 19:32:49.966782,98.0,108.25,False,0,None,None
2025-06-07 19:32:51.300958,41.0,97.43,False,0,None,None
2025-06-07 19:34:27.884486,87.0,87.0,False,0,None,None
2025-06-07 19:34:29.638690,76.0,76.0,False,0,None,None
2025-06-07 19:34:31.324790,66.0,66.0,False,0,None,None
2025-06-07 19:34:32.743969,31.0,31.0,False,0,None,None
2025-06-07 19:34:34.092489,61.0,56.1,False,0,None,None
2025-06-07 19:34:36.974362,50.0,60.15,False,0,None,None
2025-06-07 19:34:54.657898,25.0,25.0,False,0,None,None
2025-06-07 19:34:56.340438,29.0,29.0,False,0,None,None
2025-06-07 19:34:57.800204,70.0,70.0,False,0,None,None
2025-06-07 19:34:59.678282,157.0,157.0,False,0,None,None
2025-06-07 19:34:38.693528,149.0,49.8,True,1.991967871485944,None,None
2025-06-07 19:35:01.512280,57.0,75.15,False,0,None,None
2025-06-07 19:35:06.342536,117.0,95.81,False,0,None,None
2025-06-07 19:35:08.579626,99.0,88.44,False,0,None,None
2025-06-07 19:35:11.826097,135.0,90.88,False,0,None,None
2025-06-07 19:35:13.630209,27.0,95.15,False,0,None,None
2025-06-07 19:35:15.339643,127.0,105.18,False,0,None,None
2025-06-07 19:35:17.375210,64.0,94.39,False,0,None,None
2025-06-07 19:35:19.179388,34.0,91.71,False,0,None,None
2025-06-07 19:35:21.109863,97.0,94.07,False,0,None,None
2025-06-07 19:35:23.299061,50.0,90.16,False,0,None,None
2025-06-07 19:35:25.074798,52.0,69.52,False,0,None,None
2025-06-07 19:35:26.892315,59.0,69.91,False,0,None,None
2025-06-07 19:35:28.680711,149.0,103.44,False,0,None,None
2025-06-07 19:35:05.668742,225.0,52.05,True,3.322766570605187,None,None
2025-06-07 19:35:30.456733,91.0,93.48,False,0,None,None
2025-06-07 19:35:31.586239,69.0,47.75,False,0,None,None
2025-06-07 19:35:32.001121,122.0,91.32,False,0,None,None
2025-06-07 19:35:33.582792,105.0,99.79,False,0,None,None
2025-06-07 19:35:36.696378,228.0,129.08,False,0,None,None
2025-06-07 19:35:38.112051,67.0,89.61,False,0,None,None
2025-06-07 19:35:39.921320,25.0,92.98,False,0,None,None
2025-06-07 19:35:41.641310,61.0,119.38,False,0,None,None
2025-06-07 19:35:43.160869,231.0,130.2,False,0,None,None
2025-06-07 19:35:33.023570,181.0,51.15,True,2.5386119257087,None,None
2025-06-07 19:35:58.088245,31.0,48.15,False,0,None,None
2025-06-07 19:35:59.378161,70.0,51.15,False,0,None,None
2025-06-07 19:36:00.646693,80.0,56.6,False,0,None,None
2025-06-07 19:36:02.184308,75.0,56.9,False,0,None,None
2025-06-07 19:36:03.852069,68.0,59.3,False,0,None,None
2025-06-07 19:36:05.455087,68.0,63.55,False,0,None,None
2025-06-07 19:36:06.905660,33.0,51.1,False,0,None,None
2025-06-07 19:36:08.526816,83.0,53.55,False,0,None,None
2025-06-07 19:35:45.135684,273.0,122.48,True,1.22893533638145,None,None
2025-06-07 19:36:10.516007,63.0,60.65,False,0,None,None
2025-06-07 19:36:10.545279,96.0,81.31,False,0,None,None
2025-06-07 19:36:12.146550,82.0,91.84,False,0,None,None
2025-06-07 19:36:12.087570,79.0,74.93,False,0,None,None
2025-06-07 19:36:13.688440,78.0,89.51,False,0,None,None
2025-06-07 19:36:13.810389,16.0,52.5,False,0,None,None
2025-06-07 19:36:15.128819,70.0,89.98,False,0,None,None
2025-06-07 19:36:15.287947,17.0,61.47,False,0,None,None
2025-06-07 19:36:16.574857,25.0,54.76,False,0,None,None
2025-06-07 19:36:16.734409,27.0,62.79,False,0,None,None
2025-06-07 19:36:17.929227,64.0,101.73,False,0,None,None
2025-06-07 19:36:18.091660,20.0,60.36,False,0,None,None
2025-06-07 19:36:19.371532,48.0,52.18,False,0,None,None
2025-06-07 19:36:19.438669,46.0,62.06,False,0,None,None
2025-06-07 19:36:20.937235,60.0,53.22,False,0,None,None
2025-06-07 19:36:22.457350,36.0,53.79,False,0,None,None
2025-06-07 19:36:22.449802,44.0,54.88,False,0,None,None
2025-06-07 19:36:24.087624,38.0,53.11,False,0,None,None
2025-06-07 19:36:24.174736,60.0,61.37,False,0,None,None
2025-06-07 19:36:26.299346,22.0,46.45,False,0,None,None
2025-06-07 19:36:26.034080,97.0,107.98,False,0,None,None
2025-06-07 19:36:28.045651,68.0,60.27,False,0,None,None
2025-06-07 19:36:28.014052,87.0,140.2,False,0,None,None
2025-06-07 19:36:29.483077,71.0,57.32,False,0,None,None
2025-06-07 19:36:29.445868,56.0,59.35,False,0,None,None
2025-06-07 19:36:30.745126,29.0,45.99,False,0,None,None
2025-06-07 19:36:30.804337,64.0,64.44,False,0,None,None
2025-06-07 19:36:32.169093,106.0,162.33,False,0,None,None
2025-06-07 19:36:32.577820,251.0,164.06,False,0,None,None
2025-06-07 19:36:33.926430,70.0,46.3,False,0,None,None
2025-06-07 19:36:34.140640,135.0,72.83,False,0,None,None
2025-06-07 19:36:35.337487,41.0,42.57,False,0,None,None
2025-06-07 19:36:35.421743,56.0,73.33,False,0,None,None
2025-06-07 19:36:36.821300,24.0,66.87,False,0,None,None
2025-06-07 19:36:36.816350,177.0,157.78,False,0,None,None
2025-06-07 19:36:38.219439,74.0,142.34,False,0,None,None
2025-06-07 19:36:38.375943,70.0,52.88,False,0,None,None
2025-06-07 19:36:40.283476,31.0,48.26,False,0,None,None
2025-06-07 19:36:40.295504,35.0,51.8,False,0,None,None
2025-06-07 19:36:41.783860,85.0,122.3,False,0,None,None
2025-06-07 19:36:41.773046,94.0,106.78,False,0,None,None
2025-06-07 19:36:43.291227,15.0,54.26,False,0,None,None
2025-06-07 19:36:43.395394,37.0,40.25,False,0,None,None
2025-06-07 19:36:44.587510,46.0,73.62,False,0,None,None
2025-06-07 19:36:45.976179,87.0,72.88,False,0,None,None
2025-06-07 19:36:46.087066,90.0,122.35,False,0,None,None
2025-06-07 19:36:47.563510,72.0,65.34,False,0,None,None
2025-06-07 19:36:47.457523,59.0,45.51,False,0,None,None
2025-06-07 19:36:49.126751,77.0,64.45,False,0,None,None
2025-06-07 19:36:49.240969,84.0,67.43,False,0,None,None
2025-06-07 19:36:50.586648,70.0,58.3,False,0,None,None
2025-06-07 19:36:50.768059,71.0,62.77,False,0,None,None
2025-06-07 19:36:52.007797,39.0,61.66,False,0,None,None
2025-06-07 19:36:52.216595,34.0,46.33,False,0,None,None
2025-06-07 19:36:54.568201,106.0,134.32,False,0,None,None
2025-06-07 19:36:54.592449,105.0,119.73,False,0,None,None
2025-06-07 19:36:56.715164,22.0,42.23,False,0,None,None
2025-06-07 19:36:56.680761,35.0,67.37,False,0,None,None
2025-06-07 19:36:58.595764,20.0,61.56,False,0,None,None
2025-06-07 19:36:58.567443,19.0,34.34,False,0,None,None
2025-06-07 19:37:00.088373,49.0,51.54,False,0,None,None
2025-06-07 19:37:00.127154,18.0,56.86,False,0,None,None
2025-06-07 19:37:01.786188,47.0,28.44,False,0,None,None
2025-06-07 19:37:01.855472,67.0,103.65,False,0,None,None
2025-06-07 19:37:03.225113,45.0,32.56,False,0,None,None
2025-06-07 19:37:03.232531,45.0,43.88,False,0,None,None
2025-06-07 19:37:04.737718,45.0,34.27,False,0,None,None
2025-06-07 19:37:06.172632,68.0,58.3,False,0,None,None
2025-06-07 19:37:06.219862,23.0,41.98,False,0,None,None
2025-06-07 19:37:07.823923,27.0,45.02,False,0,None,None
2025-06-07 19:37:07.926072,66.0,54.79,False,0,None,None
2025-06-07 19:37:09.184937,23.0,41.73,False,0,None,None
2025-06-07 19:37:09.264599,36.0,36.67,False,0,None,None
2025-06-07 19:37:10.500941,18.0,42.14,False,0,None,None
2025-06-07 19:37:10.649502,90.0,66.29,False,0,None,None
2025-06-07 19:37:11.943834,53.0,66.22,False,0,None,None
2025-06-07 19:37:12.065757,22.0,25.92,False,0,None,None
2025-06-07 19:37:13.446433,14.0,42.31,False,0,None,None
2025-06-07 19:37:13.779033,56.0,54.59,False,0,None,None
2025-06-07 19:37:14.817727,59.0,78.05,False,0,None,None
2025-06-07 19:37:16.218770,40.0,44.3,False,0,None,None
2025-06-07 19:37:15.135159,62.0,39.22,False,0,None,None
2025-06-07 19:37:17.537459,34.0,41.36,False,0,None,None
2025-06-07 19:37:17.560148,33.0,33.22,False,0,None,None
2025-06-07 19:37:19.371806,34.0,39.54,False,0,None,None
2025-06-07 19:37:20.261277,41.0,49.92,False,0,None,None
2025-06-07 19:37:20.912877,22.0,39.81,False,0,None,None
2025-06-07 19:37:21.695284,39.0,44.75,False,0,None,None
2025-06-07 19:37:22.833097,89.0,86.92,False,0,None,None
2025-06-07 19:37:23.135641,31.0,43.69,False,0,None,None
2025-06-07 19:37:24.504415,78.0,41.07,False,0,None,None
2025-06-07 19:37:24.737117,48.0,58.5,False,0,None,None
2025-06-07 19:37:25.851268,28.0,38.97,False,0,None,None
2025-06-07 19:37:26.013228,25.0,40.01,False,0,None,None
2025-06-07 19:37:27.174228,19.0,35.98,False,0,None,None
2025-06-07 19:37:27.327851,24.0,45.92,False,0,None,None
2025-06-07 19:37:28.582927,77.0,93.04,False,0,None,None
2025-06-07 19:37:28.727775,75.0,77.39,False,0,None,None
2025-06-07 19:37:30.086445,36.0,40.55,False,0,None,None
2025-06-07 19:37:30.096075,27.0,33.07,False,0,None,None
2025-06-07 19:37:32.078174,22.0,44.64,False,0,None,None
2025-06-07 19:37:32.089246,27.0,50.24,False,0,None,None
2025-06-07 19:37:33.819890,35.0,51.21,False,0,None,None
2025-06-07 19:37:33.833546,20.0,45.91,False,0,None,None
2025-06-07 19:37:35.592736,40.0,62.34,False,0,None,None
2025-06-07 19:37:37.228267,68.0,61.16,False,0,None,None
2025-06-07 19:37:35.411213,23.0,24.19,False,0,None,None
2025-06-07 19:37:38.717687,32.0,36.05,False,0,None,None
2025-06-07 19:37:39.092873,84.0,87.96,False,0,None,None
2025-06-07 19:37:40.734255,40.0,52.08,False,0,None,None
2025-06-07 19:37:41.171472,40.0,27.92,False,0,None,None
2025-06-07 19:37:42.090381,48.0,51.66,False,0,None,None
2025-06-07 19:37:42.571979,83.0,78.2,False,0,None,None
2025-06-07 19:37:43.545162,55.0,51.61,False,0,None,None
2025-06-07 19:37:44.005186,52.0,48.63,False,0,None,None
2025-06-07 19:37:45.081473,70.0,58.25,False,0,None,None
2025-06-07 19:37:45.455178,30.0,62.18,False,0,None,None
2025-06-07 19:37:46.654254,26.0,31.07,False,0,None,None
2025-06-07 19:37:46.958001,19.0,29.49,False,0,None,None
2025-06-07 19:37:48.095343,32.0,52.86,False,0,None,None
2025-06-07 19:37:48.570476,26.0,36.39,False,0,None,None
2025-06-07 19:37:49.947015,42.0,41.07,False,0,None,None
2025-06-07 19:37:52.092682,23.0,27.32,False,0,None,None
2025-06-07 19:37:49.480987,30.0,30.67,False,0,None,None
2025-06-07 19:37:53.608367,21.0,27.16,False,0,None,None
2025-06-07 19:37:54.089598,88.0,83.01,False,0,None,None
2025-06-07 19:37:54.979320,65.0,66.17,False,0,None,None
2025-06-07 19:37:55.481248,12.0,25.27,False,0,None,None
2025-06-07 19:37:56.544125,18.0,27.07,False,0,None,None
2025-06-07 19:37:57.699386,21.0,40.61,False,0,None,None
2025-06-07 19:37:58.707536,35.0,40.74,False,0,None,None
2025-06-07 19:37:59.208401,71.0,75.77,False,0,None,None
2025-06-07 19:38:00.125177,19.0,28.8,False,0,None,None
2025-06-07 19:38:00.878300,22.0,31.35,False,0,None,None
2025-06-07 19:38:02.025511,49.0,55.43,False,0,None,None
2025-06-07 19:38:02.385826,44.0,56.79,False,0,None,None
2025-06-07 19:38:03.901585,26.0,27.55,False,0,None,None
2025-06-07 19:38:04.096680,13.0,32.32,False,0,None,None
2025-06-07 19:38:05.829945,20.0,24.85,False,0,None,None
2025-06-07 19:38:05.978004,44.0,58.5,False,0,None,None
2025-06-07 19:38:07.920875,35.0,31.38,False,0,None,None
2025-06-07 19:38:07.775340,17.0,24.77,False,0,None,None
2025-06-07 19:38:09.617577,14.0,29.88,False,0,None,None
2025-06-07 19:38:09.625354,16.0,26.53,False,0,None,None
2025-06-07 19:38:11.191074,58.0,62.81,False,0,None,None
2025-06-07 19:38:13.179146,55.0,32.63,False,0,None,None
2025-06-07 19:38:11.251612,68.0,67.12,False,0,None,None
2025-06-07 19:38:14.867111,46.0,31.79,False,0,None,None
2025-06-07 19:38:16.763093,70.0,63.29,False,0,None,None
2025-06-07 19:38:18.960789,67.0,52.61,False,0,None,None
2025-06-07 19:38:15.317159,27.0,26.62,False,0,None,None
2025-06-07 19:38:20.828763,36.0,35.99,False,0,None,None
2025-06-07 19:38:22.609293,38.0,42.34,False,0,None,None
2025-06-07 19:38:24.721400,22.0,32.57,False,0,None,None
2025-06-07 19:38:20.961519,53.0,52.8,False,0,None,None
2025-06-07 19:38:26.260754,14.0,28.38,False,0,None,None
2025-06-07 19:38:26.279033,13.0,18.31,False,0,None,None
2025-06-07 19:38:28.751242,82.0,81.79,False,0,None,None
2025-06-07 19:38:37.968134,85.0,85.26,False,0,None,None
2025-06-07 19:38:43.024558,13.0,14.56,False,0,None,None
2025-06-07 19:38:48.167168,18.0,21.24,False,0,None,None
2025-06-07 19:38:52.708698,83.0,84.68,False,0,None,None
2025-06-07 19:38:53.779507,20.0,23.21,False,0,None,None
2025-06-07 19:38:57.229430,17.0,19.25,False,0,None,None
2025-06-07 19:39:00.045462,13.0,15.36,False,0,None,None
2025-06-07 19:39:02.381863,28.0,33.12,False,0,None,None
2025-06-07 19:39:06.338439,63.0,67.86,False,0,None,None
2025-06-07 19:39:07.788495,18.0,18.55,False,0,None,None
2025-06-07 19:39:11.291211,207.0,192.82,False,0,None,None
2025-06-07 19:39:12.698466,86.0,84.74,False,0,None,None
2025-06-07 19:39:14.849802,90.0,81.47,False,0,None,None
2025-06-07 19:39:18.804438,69.0,56.93,False,0,None,None
2025-06-07 19:39:19.325996,24.0,40.06,False,0,None,None
2025-06-07 19:39:24.174274,38.0,36.95,False,0,None,None
2025-06-07 19:39:25.531413,33.0,45.3,False,0,None,None
2025-06-07 19:39:30.587912,155.0,151.75,False,0,None,None
2025-06-07 19:39:32.346980,144.0,151.85,False,0,None,None
2025-06-07 19:39:37.154999,23.0,32.49,False,0,None,None
2025-06-07 19:39:37.541125,59.0,50.64,False,0,None,None
2025-06-07 19:39:42.760310,50.0,57.15,False,0,None,None
2025-06-07 19:39:43.137216,40.0,44.8,False,0,None,None
2025-06-07 19:39:47.734280,34.0,41.44,False,0,None,None
2025-06-07 19:39:48.322310,20.0,27.39,False,0,None,None
2025-06-07 19:39:54.430266,66.0,73.66,False,0,None,None
2025-06-07 19:39:54.228876,55.0,54.33,False,0,None,None
2025-06-07 19:39:59.749059,50.0,46.53,False,0,None,None
2025-06-07 19:39:59.505843,76.0,63.36,False,0,None,None
2025-06-07 19:40:04.169100,31.0,34.6,False,0,None,None
2025-06-07 19:40:04.191071,32.0,31.24,False,0,None,None
2025-06-07 19:40:12.230109,35.0,38.89,False,0,None,None
2025-06-07 19:40:12.376632,37.0,35.65,False,0,None,None
2025-06-07 19:40:18.549984,34.0,35.55,False,0,None,None
2025-06-07 19:40:18.857475,16.0,19.79,False,0,None,None
2025-06-07 19:40:24.980875,60.0,58.39,False,0,None,None
2025-06-07 19:40:25.493561,68.0,70.2,False,0,None,None
2025-06-07 19:40:31.444669,64.0,51.28,False,0,None,None
2025-06-07 19:40:32.809554,22.0,23.37,False,0,None,None
2025-06-07 19:40:37.327055,27.0,29.55,False,0,None,None
2025-06-07 19:40:37.690524,20.0,20.41,False,0,None,None
2025-06-07 19:40:39.507701,50.0,54.28,False,0,None,None
2025-06-07 19:40:40.009142,65.0,66.05,False,0,None,None
2025-06-07 19:40:41.862672,34.0,34.76,False,0,None,None
2025-06-07 19:40:42.180174,47.0,39.31,False,0,None,None
2025-06-07 19:40:44.850841,68.0,65.75,False,0,None,None
2025-06-07 19:40:44.982283,75.0,70.76,False,0,None,None
2025-06-07 19:40:47.707282,43.0,39.41,False,0,None,None
2025-06-07 19:40:47.889226,30.0,30.37,False,0,None,None
2025-06-07 19:40:51.689133,52.0,49.9,False,0,None,None
2025-06-07 19:40:53.010518,59.0,60.98,False,0,None,None
2025-06-07 19:40:53.456655,68.0,64.64,False,0,None,None
2025-06-07 19:40:56.485151,21.0,24.68,False,0,None,None
2025-06-07 19:40:56.665351,48.0,47.18,False,0,None,None
2025-06-07 19:41:00.727469,47.0,51.26,False,0,None,None
2025-06-07 19:41:01.238905,23.0,26.97,False,0,None,None
2025-06-07 19:41:04.574701,65.0,61.04,False,0,None,None
2025-06-07 19:41:05.680871,134.0,134.72,False,0,None,None
2025-06-07 19:41:06.984566,18.0,19.67,False,0,None,None
2025-06-07 19:41:08.817248,135.0,113.94,False,0,None,None
2025-06-07 19:41:09.613230,169.0,162.49,False,0,None,None
2025-06-07 19:41:12.063844,156.0,136.55,False,0,None,None
2025-06-07 19:41:12.277318,69.0,59.62,False,0,None,None
2025-06-07 19:41:14.572814,56.0,67.48,False,0,None,None
2025-06-07 19:41:15.071736,23.0,32.46,False,0,None,None
2025-06-07 19:41:16.670856,59.0,72.5,False,0,None,None
2025-06-07 19:41:17.213467,16.0,26.35,False,0,None,None
2025-06-07 19:41:19.103355,22.0,34.92,False,0,None,None
2025-06-07 19:41:19.619186,33.0,42.51,False,0,None,None
2025-06-07 19:41:21.324276,26.0,37.79,False,0,None,None
2025-06-07 19:41:21.759894,80.0,72.58,False,0,None,None
2025-06-07 19:41:24.259059,54.0,58.06,False,0,None,None
2025-06-07 19:41:24.301598,44.0,38.07,False,0,None,None
2025-06-07 19:41:27.938946,135.0,136.88,False,0,None,None
2025-06-07 19:41:27.788222,68.0,58.95,False,0,None,None
2025-06-07 19:41:32.509157,33.0,32.03,False,0,None,None
2025-06-07 19:41:33.176149,51.0,45.51,False,0,None,None
2025-06-07 19:41:34.497698,173.0,173.3,False,0,None,None
2025-06-07 19:41:36.523110,28.0,32.84,False,0,None,None
2025-06-07 19:41:36.997117,49.0,45.91,False,0,None,None
2025-06-07 19:41:41.300820,75.0,71.44,False,0,None,None
2025-06-07 19:41:41.133205,86.0,83.58,False,0,None,None
2025-06-07 19:41:45.350934,88.0,72.43,False,0,None,None
2025-06-07 19:41:45.355189,119.0,101.28,False,0,None,None
2025-06-07 19:41:49.784087,76.0,68.16,False,0,None,None
2025-06-07 19:41:49.783076,76.0,71.99,False,0,None,None
2025-06-07 19:41:55.143789,80.0,73.2,False,0,None,None
2025-06-07 19:41:55.141793,79.0,73.69,False,0,None,None
2025-06-07 19:41:57.435339,103.0,95.21,False,0,None,None
2025-06-07 19:41:57.474974,52.0,56.77,False,0,None,None
2025-06-07 19:42:00.445180,164.0,164.28,False,0,None,None
2025-06-07 19:42:00.207957,181.0,160.05,False,0,None,None
2025-06-07 19:42:03.821875,49.0,65.78,False,0,None,None
2025-06-07 19:42:03.780808,24.0,38.68,False,0,None,None
2025-06-07 19:42:07.369848,41.0,58.33,False,0,None,None
2025-06-07 19:42:07.370850,34.0,45.63,False,0,None,None
2025-06-07 19:42:11.127976,15.0,24.35,False,0,None,None
2025-06-07 19:42:11.128985,19.0,31.03,False,0,None,None
2025-06-07 19:42:13.544823,185.0,196.86,False,0,None,None
2025-06-07 19:42:13.549943,189.0,183.68,False,0,None,None
2025-06-07 19:42:16.626846,109.0,80.15,False,0,None,None
2025-06-07 19:42:16.821775,47.0,40.6,False,0,None,None
2025-06-07 19:42:19.766021,27.0,36.77,False,0,None,None
2025-06-07 19:42:20.249641,142.0,156.78,False,0,None,None
2025-06-07 19:42:23.160475,110.0,128.6,False,0,None,None
2025-06-07 19:42:23.612702,154.0,126.33,False,0,None,None
2025-06-07 19:42:25.462251,108.0,89.51,False,0,None,None
2025-06-07 19:42:26.935285,134.0,102.67,False,0,None,None
2025-06-07 19:42:28.785064,99.0,90.28,False,0,None,None
2025-06-07 19:42:29.446063,41.0,48.71,False,0,None,None
2025-06-07 19:42:36.554783,109.0,98.18,False,0,None,None
2025-06-07 19:42:37.071621,105.0,110.38,False,0,None,None
2025-06-07 19:42:44.351503,68.0,70.8,False,0,None,None
2025-06-07 19:42:44.648105,32.0,40.46,False,0,None,None
2025-06-07 19:42:50.942578,39.0,47.57,False,0,None,None
2025-06-07 19:42:51.967266,20.0,33.8,False,0,None,None
2025-06-07 19:42:54.047748,86.0,89.47,False,0,None,None
2025-06-07 19:42:59.212193,34.0,61.17,False,0,None,None
2025-06-07 19:43:00.680235,45.0,44.29,False,0,None,None
2025-06-07 19:43:06.886621,61.0,62.6,False,0,None,None
2025-06-07 19:43:07.330518,61.0,62.78,False,0,None,None
2025-06-07 19:43:10.246723,44.0,42.83,False,0,None,None
