timestamp,server,latency,predicted,is_spike,spike_severity,suggested_server,improvement
1748457120.0170536,www.google.com,30.0,105.76746486678533,False,0,,
1748457125.091281,www.google.com,28.0,36.838023780960285,False,0,,
1748457130.2158337,www.google.com,48.0,28.845729484729553,False,0,,
1748457135.3146536,www.google.com,51.5,46.08539636687393,False,0,,
1748457140.3959665,www.google.com,49.8,50.93187676202762,False,0,,
1748457145.5012991,www.google.com,49.666666666666664,49.923432594394896,False,0,,
1748457150.5983884,www.google.com,49.857142857142854,49.69552513576828,False,0,,
1748457155.6781807,www.google.com,49.625,49.83743300367803,False,0,,
1748457160.754311,www.google.com,49.111111111111114,49.65074952719263,False,0,,
1748457165.88505,www.google.com,52.9,49.179806202467596,False,0,,
1748457170.9516163,www.google.com,53.1,52.406391975191134,False,0,,
1748457176.052203,www.google.com,56.0,53.00355301794619,False,0,,
1748457181.1843293,www.google.com,54.5,55.65166361325647,False,0,,
1748457186.2526338,www.google.com,50.9,54.397126349456606,False,0,,
1748457191.3615413,www.google.com,50.3,51.01927017334043,False,0,,
1748457196.4589794,www.google.com,50.8,50.36410546250303,False,0,,
1748457201.5942988,www.google.com,55.2,50.76282169415752,False,0,,
1748457206.7652376,www.google.com,55.3,54.68193323379403,False,0,,
1748457211.9000943,www.google.com,56.3,55.22010186557971,False,0,,
1748457216.9769835,www.google.com,51.5,56.14865422380953,False,0,,
1748457222.058492,www.google.com,53.7,52.186004907371746,False,0,,
1748457227.13959,www.google.com,52.4,53.46595790833348,False,0,,
1748457232.2214696,www.google.com,49.4,52.57207731048398,False,0,,
1748457237.2923276,www.google.com,50.3,49.93193439156116,False,0,,
1748457242.3771842,www.google.com,51.5,49.819852565207654,False,0,,
1748457247.4659445,www.google.com,49.9,51.38528478717483,False,0,,
1748457252.5357428,www.google.com,43.3,50.06228327880828,False,0,,
2025-06-03 08:47:51.819177,75.0,75.0,False,0,None,None
2025-06-03 08:47:54.359877,25.0,25.0,False,0,None,None
2025-06-03 08:47:55.975168,134.0,134.0,False,0,None,None
2025-06-03 08:47:57.770646,143.0,143.0,False,0,None,None
2025-06-03 08:47:59.675564,82.0,92.89,False,0,None,None
2025-06-03 08:48:02.219628,184.0,123.18,False,0,None,None
2025-06-03 08:48:04.400472,101.0,99.7,False,0,None,None
2025-06-03 08:48:06.390961,78.0,99.18,False,0,None,None
2025-06-03 08:48:08.302209,172.0,112.75,False,0,None,None
2025-06-03 08:48:10.053781,201.0,120.76,False,0,None,None
2025-06-03 08:48:11.839639,82.0,115.4,False,0,None,None
2025-06-03 08:48:13.725437,90.0,116.46,False,0,None,None
2025-06-03 08:48:17.368447,92.0,116.46,False,0,None,None
2025-06-03 08:48:19.520171,59.0,105.73,False,0,None,None
2025-06-03 08:49:34.241848,169.0,169.0,False,0,None,None
2025-06-03 08:49:35.824221,74.0,74.0,False,0,None,None
2025-06-03 08:49:37.738146,118.0,118.0,False,0,None,None
2025-06-03 08:49:39.171988,24.0,24.0,False,0,None,None
2025-06-03 08:49:40.804747,55.0,54.47,False,0,None,None
2025-06-03 08:49:43.302721,41.0,65.16,False,0,None,None
2025-06-03 08:49:45.307419,38.0,70.2,False,0,None,None
2025-06-03 08:49:47.192313,112.0,74.4,False,0,None,None
2025-06-03 08:49:48.819980,46.0,67.23,False,0,None,None
2025-06-03 08:49:50.539806,109.0,76.22,False,0,None,None
2025-06-03 08:49:52.088943,55.0,69.52,False,0,None,None
2025-06-03 08:49:53.761230,20.0,69.52,False,0,None,None
2025-06-03 08:49:56.520514,86.0,76.22,False,0,None,None
2025-06-03 08:49:58.223342,23.0,67.04,False,0,None,None
2025-06-03 08:49:59.674461,81.0,78.39,False,0,None,None
2025-06-03 08:50:01.320020,46.0,72.18,False,0,None,None
2025-06-03 08:50:03.449499,58.0,72.86,False,0,None,None
2025-06-03 08:50:05.237884,26.0,72.18,False,0,None,None
2025-06-03 08:50:06.654703,25.0,72.86,False,0,None,None
2025-06-03 08:50:08.270842,132.0,119.84,False,0,None,None
2025-06-03 08:50:10.982194,63.0,30.08,True,1.0944148936170215,None,None
2025-06-03 08:50:49.558714,30.0,28.5,False,0,None,None
2025-06-03 08:50:51.335046,65.0,52.94,False,0,None,None
2025-06-03 08:50:53.157432,53.0,27.88,False,0,None,None
2025-06-03 08:50:54.656999,87.0,51.2,False,0,None,None
2025-06-03 08:50:56.270580,75.0,33.64,True,1.2294887039239,None,None
2025-06-03 08:51:33.527097,25.0,33.89,False,0,None,None
2025-06-03 08:51:34.751536,18.0,33.21,False,0,None,None
2025-06-03 08:51:36.019454,40.0,41.28,False,0,None,None
2025-06-03 08:51:37.314044,31.0,29.27,False,0,None,None
2025-06-03 08:51:38.630421,21.0,29.12,False,0,None,None
2025-06-03 08:51:39.912288,22.0,28.33,False,0,None,None
2025-06-03 08:51:41.179080,24.0,28.62,False,0,None,None
2025-06-03 08:51:42.423496,29.0,29.5,False,0,None,None
2025-06-03 08:51:43.704306,36.0,31.94,False,0,None,None
2025-06-03 08:51:44.961575,26.0,29.88,False,0,None,None
2025-06-03 08:51:46.303846,26.0,29.03,False,0,None,None
2025-06-03 08:51:47.573847,27.0,29.41,False,0,None,None
2025-06-03 08:51:48.948097,39.0,32.53,False,0,None,None
2025-06-03 08:51:50.310715,28.0,28.46,False,0,None,None
2025-06-03 08:51:52.663618,48.0,37.45,False,0,None,None
2025-06-03 08:51:53.936926,28.0,29.74,False,0,None,None
2025-06-03 08:51:55.322198,30.0,29.79,False,0,None,None
2025-06-03 08:51:56.785855,28.0,29.48,False,0,None,None
2025-06-03 08:51:58.086477,25.0,29.22,False,0,None,None
2025-06-03 08:51:59.678286,101.0,89.54,False,0,None,None
2025-06-03 08:52:01.283888,43.0,32.93,False,0,None,None
2025-06-03 08:52:02.938382,55.0,37.76,False,0,None,None
2025-06-03 08:52:04.479008,98.0,93.21,False,0,None,None
2025-06-03 08:52:06.077651,56.0,40.74,False,0,None,None
2025-06-03 08:52:07.536942,84.0,49.67,False,0,None,None
2025-06-03 08:52:09.118063,56.0,41.48,False,0,None,None
2025-06-03 08:52:11.116870,47.0,43.36,False,0,None,None
2025-06-03 08:52:12.554664,79.0,63.35,False,0,None,None
2025-06-03 08:52:13.855266,50.0,46.97,False,0,None,None
2025-06-03 08:52:15.101613,19.0,37.12,False,0,None,None
2025-06-03 08:52:16.353747,32.0,36.63,False,0,None,None
2025-06-03 08:52:17.685984,29.0,24.92,False,0,None,None
2025-06-03 08:52:19.081300,27.0,27.43,False,0,None,None
2025-06-03 08:52:20.434154,29.0,27.99,False,0,None,None
2025-06-03 08:52:22.682095,28.0,27.14,False,0,None,None
2025-06-03 08:52:24.045644,36.0,32.95,False,0,None,None
2025-06-03 08:52:25.442398,33.0,27.25,False,0,None,None
2025-06-03 08:52:26.860924,33.0,26.93,False,0,None,None
2025-06-03 08:52:28.122990,30.0,27.01,False,0,None,None
2025-06-03 08:52:29.387207,31.0,27.16,False,0,None,None
2025-06-03 08:52:30.671612,27.0,27.09,False,0,None,None
2025-06-03 08:52:32.005378,34.0,33.93,False,0,None,None
2025-06-03 08:52:33.309768,47.0,39.37,False,0,None,None
2025-06-03 08:52:34.589969,24.0,29.88,False,0,None,None
2025-06-03 08:52:35.964247,26.0,27.48,False,0,None,None
2025-06-03 08:52:37.394689,44.0,41.12,False,0,None,None
2025-06-03 08:52:38.753860,36.0,29.04,False,0,None,None
2025-06-03 08:52:40.013468,32.0,27.51,False,0,None,None
2025-06-03 08:52:41.240932,23.0,27.81,False,0,None,None
2025-06-03 08:52:42.516613,32.0,36.24,False,0,None,None
2025-06-03 08:52:43.841243,28.0,27.63,False,0,None,None
2025-06-03 08:52:45.157570,42.0,39.27,False,0,None,None
2025-06-03 08:52:46.420844,25.0,29.9,False,0,None,None
2025-06-03 08:52:47.790687,35.0,35.19,False,0,None,None
2025-06-03 08:52:49.637707,30.0,28.07,False,0,None,None
2025-06-03 08:52:50.884315,23.0,28.19,False,0,None,None
2025-06-03 08:52:52.141965,23.0,27.26,False,0,None,None
2025-06-03 08:52:53.484477,30.0,34.87,False,0,None,None
2025-06-03 08:52:54.972975,30.0,28.23,False,0,None,None
2025-06-03 08:52:56.507270,31.0,29.02,False,0,None,None
2025-06-03 08:52:58.088211,22.0,28.77,False,0,None,None
2025-06-03 08:53:00.021990,28.0,39.42,False,0,None,None
2025-06-03 08:53:01.809018,23.0,35.54,False,0,None,None
2025-06-03 08:53:03.558369,35.0,43.16,False,0,None,None
2025-06-03 08:53:05.641020,42.0,36.66,False,0,None,None
2025-06-03 08:53:07.433265,30.0,31.7,False,0,None,None
2025-06-03 08:53:09.133622,25.0,30.73,False,0,None,None
2025-06-03 08:53:10.852024,32.0,36.23,False,0,None,None
2025-06-03 08:53:12.522511,33.0,31.44,False,0,None,None
2025-06-03 08:53:14.440496,27.0,30.14,False,0,None,None
2025-06-03 08:53:17.072184,44.0,42.25,False,0,None,None
2025-06-03 08:53:19.474683,33.0,28.65,False,0,None,None
2025-06-03 08:53:21.341506,44.0,38.35,False,0,None,None
2025-06-03 08:53:23.492723,25.0,27.26,False,0,None,None
2025-06-03 08:53:29.002938,52.0,57.66,False,0,None,None
2025-06-03 08:53:32.598880,53.0,46.25,False,0,None,None
2025-06-03 08:53:35.066935,86.0,84.68,False,0,None,None
2025-06-03 08:53:37.326013,61.0,51.75,False,0,None,None
2025-06-03 08:53:40.277259,98.0,92.06,False,0,None,None
2025-06-03 08:53:42.770631,128.0,106.05,False,0,None,None
2025-06-03 08:53:45.639532,132.0,110.08,False,0,None,None
2025-06-03 08:53:48.511373,81.0,85.31,False,0,None,None
2025-06-03 08:53:51.150491,33.0,39.68,False,0,None,None
2025-06-03 08:53:54.301761,113.0,109.42,False,0,None,None
2025-06-03 08:53:56.936004,48.0,46.81,False,0,None,None
2025-06-03 08:54:00.525175,25.0,31.63,False,0,None,None
2025-06-03 08:54:03.239305,61.0,71.63,False,0,None,None
2025-06-03 08:54:06.432260,147.0,131.84,False,0,None,None
2025-06-03 08:54:10.942108,90.0,74.44,False,0,None,None
2025-06-03 08:54:19.822983,34.0,47.16,False,0,None,None
2025-06-03 08:54:22.604326,78.0,87.91,False,0,None,None
2025-06-03 08:54:26.280492,101.0,83.08,False,0,None,None
2025-06-03 08:54:29.398954,101.0,86.15,False,0,None,None
2025-06-03 08:54:31.998659,39.0,43.29,False,0,None,None
2025-06-03 08:54:34.650237,19.0,25.22,False,0,None,None
2025-06-03 08:54:38.203768,99.0,103.07,False,0,None,None
2025-06-03 08:54:41.438953,60.0,51.7,False,0,None,None
2025-06-03 08:54:44.902861,44.0,42.63,False,0,None,None
2025-06-03 08:54:47.482363,49.0,48.99,False,0,None,None
2025-06-03 08:54:51.155042,102.0,99.22,False,0,None,None
2025-06-03 08:54:54.235803,52.0,52.79,False,0,None,None
2025-06-03 08:54:57.432210,72.0,68.92,False,0,None,None
2025-06-03 08:54:59.969064,95.0,91.66,False,0,None,None
2025-06-03 08:55:03.137767,143.0,124.35,False,0,None,None
2025-06-03 08:55:05.925638,133.0,118.2,False,0,None,None
2025-06-03 08:55:09.232115,73.0,77.84,False,0,None,None
2025-06-03 08:55:11.719461,89.0,95.01,False,0,None,None
2025-06-03 08:55:14.447199,119.0,115.38,False,0,None,None
2025-06-03 08:55:17.319119,68.0,67.74,False,0,None,None
2025-06-03 08:55:20.032898,71.0,78.24,False,0,None,None
2025-06-03 08:55:22.518983,118.0,119.62,False,0,None,None
2025-06-03 08:55:27.590247,84.0,76.71,False,0,None,None
2025-06-03 08:55:37.600162,175.0,155.03,False,0,None,None
2025-06-03 08:55:43.390182,83.0,75.95,False,0,None,None
2025-06-03 08:55:46.190652,72.0,83.37,False,0,None,None
2025-06-03 08:55:48.998173,57.0,61.77,False,0,None,None
2025-06-03 08:55:51.551641,90.0,100.51,False,0,None,None
2025-06-03 08:55:54.341480,114.0,105.89,False,0,None,None
2025-06-03 08:55:57.414783,106.0,96.17,False,0,None,None
2025-06-03 08:56:00.605556,64.0,67.03,False,0,None,None
2025-06-03 08:56:08.188357,115.0,116.57,False,0,None,None
2025-06-03 08:56:11.881521,65.0,67.49,False,0,None,None
2025-06-03 08:56:14.657753,162.0,157.56,False,0,None,None
2025-06-03 08:56:17.358026,90.0,82.51,False,0,None,None
2025-06-03 08:56:20.536181,85.0,93.08,False,0,None,None
2025-06-03 08:56:23.454461,60.0,65.1,False,0,None,None
2025-06-03 08:56:29.237329,83.0,90.97,False,0,None,None
2025-06-03 08:56:35.062025,110.0,106.6,False,0,None,None
2025-06-03 08:56:40.711801,93.0,82.57,False,0,None,None
2025-06-03 08:56:50.036530,117.0,113.64,False,0,None,None
2025-06-03 08:56:56.038654,79.0,74.41,False,0,None,None
2025-06-03 08:57:01.207868,79.0,87.08,False,0,None,None
2025-06-03 08:57:06.691219,116.0,113.37,False,0,None,None
2025-06-03 08:57:16.942318,86.0,82.95,False,0,None,None
2025-06-03 08:57:26.204107,215.0,191.3,False,0,None,None
2025-06-03 08:57:31.416756,103.0,93.14,False,0,None,None
2025-06-03 08:57:35.423565,57.0,66.45,False,0,None,None
2025-06-03 08:57:38.332524,60.0,68.2,False,0,None,None
2025-06-03 08:57:41.448295,124.0,116.39,False,0,None,None
2025-06-03 08:57:44.322869,135.0,119.18,False,0,None,None
2025-06-03 08:57:47.178925,62.0,66.43,False,0,None,None
2025-06-03 08:57:49.450946,85.0,96.02,False,0,None,None
2025-06-03 08:57:52.440605,54.0,57.81,False,0,None,None
2025-06-03 08:57:57.515343,74.0,82.15,False,0,None,None
2025-06-03 08:58:01.683122,63.0,62.52,False,0,None,None
2025-06-03 08:58:06.245082,119.0,113.41,False,0,None,None
2025-06-03 08:58:14.908650,58.0,64.83,False,0,None,None
2025-06-03 08:58:22.588519,50.0,58.49,False,0,None,None
2025-06-03 08:58:31.306427,90.0,94.53,False,0,None,None
2025-06-03 08:58:40.489958,23.0,33.98,False,0,None,None
2025-06-03 08:58:50.199176,91.0,90.71,False,0,None,None
2025-06-03 08:58:59.730268,90.0,81.52,False,0,None,None
2025-06-03 08:59:08.458187,87.0,80.98,False,0,None,None
2025-06-03 08:59:16.991065,144.0,128.78,False,0,None,None
2025-06-03 08:59:21.900284,80.0,78.79,False,0,None,None
2025-06-03 08:59:26.936864,100.0,97.51,False,0,None,None
2025-06-03 08:59:32.197222,75.0,75.37,False,0,None,None
2025-06-03 08:59:38.338824,158.0,161.95,False,0,None,None
2025-06-03 08:59:44.233186,25.0,44.85,False,0,None,None
2025-06-03 08:59:47.021702,48.0,64.8,False,0,None,None
2025-06-03 08:59:49.899368,81.0,80.08,False,0,None,None
2025-06-03 08:59:52.431489,99.0,89.79,False,0,None,None
2025-06-03 08:59:55.183768,66.0,59.25,False,0,None,None
2025-06-03 08:59:57.896544,19.0,30.04,False,0,None,None
2025-06-03 09:00:02.319661,71.0,76.04,False,0,None,None
2025-06-03 09:00:12.824040,96.0,91.69,False,0,None,None
2025-06-03 09:00:24.307575,71.0,62.31,False,0,None,None
2025-06-03 09:00:34.101678,81.0,75.71,False,0,None,None
2025-06-03 09:00:38.055865,62.0,65.27,False,0,None,None
2025-06-03 09:00:40.699847,41.0,47.14,False,0,None,None
2025-06-03 09:00:43.815959,64.0,68.3,False,0,None,None
2025-06-03 09:00:45.745514,35.0,39.08,False,0,None,None
2025-06-03 09:00:48.138646,76.0,77.16,False,0,None,None
2025-06-03 09:00:51.016925,65.0,59.15,False,0,None,None
2025-06-03 09:00:53.761341,94.0,89.66,False,0,None,None
2025-06-03 09:00:56.216949,76.0,67.66,False,0,None,None
2025-06-03 09:00:58.869955,80.0,84.7,False,0,None,None
2025-06-03 09:01:02.055910,153.0,143.59,False,0,None,None
2025-06-03 09:01:06.588506,122.0,107.72,False,0,None,None
2025-06-03 09:01:14.192384,83.0,83.63,False,0,None,None
2025-06-03 09:01:19.830992,58.0,66.66,False,0,None,None
2025-06-03 09:01:22.790682,68.0,79.29,False,0,None,None
2025-06-03 09:01:25.263788,67.0,73.7,False,0,None,None
2025-06-03 09:01:28.538379,68.0,68.77,False,0,None,None
2025-06-03 09:01:31.992315,37.0,42.25,False,0,None,None
2025-06-03 09:01:34.953776,69.0,70.8,False,0,None,None
2025-06-03 09:01:37.907813,27.0,33.85,False,0,None,None
2025-06-03 09:01:41.019939,79.0,80.55,False,0,None,None
2025-06-03 09:01:44.428931,26.0,27.94,False,0,None,None
2025-06-03 09:01:47.547536,112.0,114.11,False,0,None,None
2025-06-03 09:01:50.091678,50.0,43.36,False,0,None,None
2025-06-03 09:01:53.034666,95.0,94.47,False,0,None,None
2025-06-03 09:01:55.502120,61.0,58.71,False,0,None,None
2025-06-03 09:01:58.678668,111.0,114.14,False,0,None,None
2025-06-03 09:02:01.373784,111.0,104.12,False,0,None,None
2025-06-03 09:02:05.390185,139.0,133.38,False,0,None,None
2025-06-03 09:02:08.411193,80.0,78.8,False,0,None,None
2025-06-07 16:06:42.330057,67.0,67.0,False,0,None,None
2025-06-07 16:06:43.694594,60.0,60.0,False,0,None,None
2025-06-07 16:06:45.053334,86.0,86.0,False,0,None,None
2025-06-07 16:06:46.475820,64.0,64.0,False,0,None,None
2025-06-07 16:06:47.767401,121.0,109.31,False,0,None,None
2025-06-07 16:06:49.608660,70.0,103.49,False,0,None,None
2025-06-07 16:06:51.067266,72.0,99.61,False,0,None,None
2025-06-07 16:06:52.500032,101.0,103.75,False,0,None,None
2025-06-07 16:06:53.849355,92.0,99.39,False,0,None,None
2025-06-07 16:06:55.706196,79.0,92.27,False,0,None,None
2025-06-07 16:06:57.132121,64.0,93.73,False,0,None,None
2025-06-07 16:06:58.514491,91.0,97.1,False,0,None,None
2025-06-07 16:06:59.930207,86.0,91.04,False,0,None,None
2025-06-07 16:07:01.294462,90.0,85.85,False,0,None,None
2025-06-07 16:07:02.425289,83.0,83.0,False,0,None,None
2025-06-07 16:07:02.699635,81.0,84.93,False,0,None,None
2025-06-07 16:07:03.858233,50.0,50.0,False,0,None,None
2025-06-07 16:07:05.532686,72.0,72.0,False,0,None,None
2025-06-07 16:07:06.810223,93.0,93.0,False,0,None,None
2025-06-07 16:07:08.172012,63.0,67.01,False,0,None,None
2025-06-07 16:07:09.778229,96.0,79.39,False,0,None,None
2025-06-07 16:07:11.133908,86.0,79.72,False,0,None,None
2025-06-07 16:07:12.408117,84.0,81.24,False,0,None,None
2025-06-07 16:07:13.775962,71.0,79.72,False,0,None,None
2025-06-07 16:07:15.136912,83.0,81.24,False,0,None,None
2025-06-07 16:07:16.572863,76.0,79.72,False,0,None,None
2025-06-07 16:07:17.851893,88.0,81.24,False,0,None,None
2025-06-07 16:07:19.249120,103.0,81.24,False,0,None,None
2025-06-07 16:07:20.652322,60.0,74.84,False,0,None,None
2025-06-07 16:07:22.008819,107.0,78.49,False,0,None,None
2025-06-07 16:07:23.289596,83.0,80.59,False,0,None,None
2025-06-07 16:07:25.133556,121.0,78.35,False,0,None,None
2025-06-07 16:07:26.568392,64.0,76.47,False,0,None,None
2025-06-07 16:07:27.867419,94.0,78.83,False,0,None,None
2025-06-07 16:07:29.540065,93.0,93.03,False,0,None,None
2025-06-07 16:07:31.608436,78.0,81.88,False,0,None,None
2025-06-07 16:07:33.052860,70.0,84.54,False,0,None,None
2025-06-07 16:07:34.422852,56.0,77.33,False,0,None,None
2025-06-07 16:07:35.847224,61.0,88.83,False,0,None,None
2025-06-07 16:07:37.383374,86.0,88.58,False,0,None,None
2025-06-07 16:07:38.736292,72.0,76.32,False,0,None,None
2025-06-07 16:07:04.420626,326.0,104.28,True,2.126198695818949,None,None
2025-06-07 16:07:42.333979,87.0,89.49,False,0,None,None
2025-06-07 16:07:42.489004,80.0,97.9,False,0,None,None
2025-06-07 16:07:43.690909,90.0,85.64,False,0,None,None
2025-06-07 16:07:43.738943,60.0,94.88,False,0,None,None
2025-06-07 16:07:44.973208,81.0,81.06,False,0,None,None
2025-06-07 16:07:45.035247,75.0,95.44,False,0,None,None
2025-06-07 16:07:46.403654,75.0,81.9,False,0,None,None
2025-06-07 16:07:46.492082,114.0,112.52,False,0,None,None
2025-06-07 16:07:47.770357,76.0,85.67,False,0,None,None
2025-06-07 16:07:48.493700,86.0,75.72,False,0,None,None
2025-06-07 16:07:49.146249,85.0,85.28,False,0,None,None
2025-06-07 16:07:49.866536,85.0,83.09,False,0,None,None
2025-06-07 16:07:50.572902,59.0,71.78,False,0,None,None
2025-06-07 16:07:51.736351,121.0,108.04,False,0,None,None
2025-06-07 16:07:52.277080,111.0,101.9,False,0,None,None
2025-06-07 16:07:53.533568,126.0,86.99,False,0,None,None
2025-06-07 16:07:53.767191,108.0,89.66,False,0,None,None
2025-06-07 16:07:54.960176,72.0,79.16,False,0,None,None
2025-06-07 16:07:55.138808,70.0,66.59,False,0,None,None
2025-06-07 16:07:56.250548,50.0,75.07,False,0,None,None
2025-06-07 16:07:56.496313,33.0,63.55,False,0,None,None
2025-06-07 16:07:57.805511,79.0,98.93,False,0,None,None
2025-06-07 16:08:00.983503,66.0,90.48,False,0,None,None
2025-06-07 16:08:00.972925,66.0,88.34,False,0,None,None
2025-06-07 16:08:02.249280,41.0,87.64,False,0,None,None
2025-06-07 16:08:02.332385,106.0,96.35,False,0,None,None
2025-06-07 16:09:25.573314,34.0,34.0,False,0,None,None
2025-06-07 16:09:27.132330,68.0,68.0,False,0,None,None
2025-06-07 16:09:28.489029,84.0,84.0,False,0,None,None
2025-06-07 16:09:29.768541,78.0,78.0,False,0,None,None
2025-06-07 16:09:31.540575,88.0,85.48,False,0,None,None
2025-06-07 16:09:33.446886,93.0,84.28,False,0,None,None
2025-06-07 16:09:34.702992,59.0,82.62,False,0,None,None
2025-06-07 16:09:36.084137,60.0,82.96,False,0,None,None
2025-06-07 16:09:38.172325,75.0,85.16,False,0,None,None
2025-06-07 16:09:39.692992,33.0,80.94,False,0,None,None
2025-06-07 16:09:41.208760,84.0,80.38,False,0,None,None
2025-06-07 16:09:42.572145,66.0,83.2,False,0,None,None
2025-06-07 16:09:44.023575,102.0,80.42,False,0,None,None
2025-06-07 16:09:45.757019,94.0,83.18,False,0,None,None
2025-06-07 16:09:47.287293,75.0,84.16,False,0,None,None
2025-06-07 16:09:48.716887,83.0,85.48,False,0,None,None
2025-06-07 16:09:50.260874,35.0,81.34,False,0,None,None
2025-06-07 16:09:52.438190,81.0,80.9,False,0,None,None
2025-06-07 16:09:55.143180,65.0,83.06,False,0,None,None
2025-06-07 16:09:57.438768,41.0,50.87,False,0,None,None
2025-06-07 16:10:03.236071,94.0,89.54,False,0,None,None
2025-06-07 16:10:04.938819,89.0,85.19,False,0,None,None
2025-06-07 16:10:06.828137,83.0,82.41,False,0,None,None
2025-06-07 16:10:08.923827,48.0,46.32,False,0,None,None
2025-06-07 16:10:10.973928,86.0,75.89,False,0,None,None
2025-06-07 16:10:13.033717,128.0,90.67,False,0,None,None
2025-06-07 16:10:15.210307,45.0,43.71,False,0,None,None
2025-06-07 16:10:17.176706,83.0,90.92,False,0,None,None
2025-06-07 16:10:21.835785,59.0,56.57,False,0,None,None
2025-06-07 16:37:10.791568,92.0,92.0,False,0,None,None
2025-06-07 16:37:12.949261,70.0,70.0,False,0,None,None
2025-06-07 16:37:14.275648,94.0,94.0,False,0,None,None
2025-06-07 16:37:15.559845,91.0,91.0,False,0,None,None
2025-06-07 16:37:16.920295,104.0,99.96,False,0,None,None
2025-06-07 16:37:18.404989,62.0,88.35,False,0,None,None
2025-06-07 16:37:19.741290,97.0,93.93,False,0,None,None
2025-06-07 16:37:21.257153,137.0,94.72,False,0,None,None
2025-06-07 16:37:22.866358,194.0,94.72,True,1.0481418918918919,None,None
2025-06-07 16:37:58.678517,98.0,91.08,False,0,None,None
2025-06-07 16:38:01.193098,186.0,91.34,True,1.0363477118458506,None,None
2025-06-07 16:38:38.137253,84.0,91.08,False,0,None,None
2025-06-07 16:38:39.740437,119.0,94.72,False,0,None,None
2025-06-07 16:38:41.297889,36.0,91.08,False,0,None,None
2025-06-07 16:38:42.591343,67.0,94.72,False,0,None,None
2025-06-07 16:38:44.235947,49.0,84.19,False,0,None,None
2025-06-07 16:38:46.923336,66.0,88.35,False,0,None,None
2025-06-07 16:38:48.422003,105.0,87.85,False,0,None,None
2025-06-07 16:38:50.018475,110.0,88.02,False,0,None,None
2025-06-07 16:38:51.437106,57.0,66.89,False,0,None,None
2025-06-07 16:38:53.624016,44.0,76.74,False,0,None,None
2025-06-07 16:38:55.060333,59.0,90.28,False,0,None,None
2025-06-07 16:38:56.499827,77.0,88.04,False,0,None,None
2025-06-07 16:38:58.099664,59.0,76.16,False,0,None,None
2025-06-07 16:38:59.586492,81.0,89.4,False,0,None,None
2025-06-07 16:39:01.115431,52.0,73.57,False,0,None,None
2025-06-07 16:39:02.386101,70.0,83.73,False,0,None,None
2025-06-07 16:39:03.870886,41.0,73.5,False,0,None,None
2025-06-07 16:39:05.234006,47.0,88.37,False,0,None,None
2025-06-07 16:39:06.627220,51.0,87.79,False,0,None,None
2025-06-07 16:39:07.937154,110.0,148.51,False,0,None,None
2025-06-07 16:39:09.222039,80.0,71.09,False,0,None,None
2025-06-07 16:39:10.498576,77.0,83.27,False,0,None,None
2025-06-07 16:39:11.809635,65.0,75.29,False,0,None,None
2025-06-07 16:39:13.142863,81.0,83.07,False,0,None,None
2025-06-07 16:39:14.419417,81.0,84.48,False,0,None,None
2025-06-07 16:39:15.767216,37.0,69.59,False,0,None,None
2025-06-07 16:39:17.058725,60.0,84.64,False,0,None,None
2025-06-07 16:39:18.499938,67.0,86.92,False,0,None,None
2025-06-07 16:39:19.859833,66.0,65.57,False,0,None,None
2025-06-07 16:39:21.751317,38.0,49.87,False,0,None,None
2025-06-07 16:39:23.302861,90.0,123.55,False,0,None,None
2025-06-07 16:39:25.747318,52.0,51.29,False,0,None,None
2025-06-07 16:39:27.540139,105.0,125.36,False,0,None,None
2025-06-07 16:39:28.908689,63.0,56.02,False,0,None,None
2025-06-07 16:39:30.258768,35.0,51.11,False,0,None,None
2025-06-07 16:39:31.618832,59.0,67.79,False,0,None,None
2025-06-07 16:39:32.901682,42.0,55.45,False,0,None,None
2025-06-07 16:39:34.501239,105.0,125.76,False,0,None,None
2025-06-07 16:39:36.177886,78.0,52.85,False,0,None,None
2025-06-07 16:39:37.538928,75.0,65.56,False,0,None,None
2025-06-07 16:39:38.841445,94.0,74.22,False,0,None,None
2025-06-07 16:39:40.220021,54.0,57.13,False,0,None,None
2025-06-07 16:39:41.865571,88.0,90.46,False,0,None,None
2025-06-07 16:39:43.186271,43.0,48.37,False,0,None,None
2025-06-07 16:39:44.420112,50.0,67.73,False,0,None,None
2025-06-07 16:39:45.750254,57.0,63.31,False,0,None,None
2025-06-07 16:39:47.138078,60.0,62.93,False,0,None,None
2025-06-07 16:39:48.496834,77.0,63.55,False,0,None,None
2025-06-07 16:39:50.102954,94.0,85.72,False,0,None,None
2025-06-07 16:39:52.818529,93.0,72.63,False,0,None,None
2025-06-07 16:45:23.277142,114.0,114.0,False,0,None,None
2025-06-07 16:45:25.008615,58.0,58.0,False,0,None,None
2025-06-07 16:45:26.512899,84.0,84.0,False,0,None,None
2025-06-07 16:45:27.869012,91.0,91.0,False,0,None,None
2025-06-07 16:45:29.317768,104.0,98.96,False,0,None,None
2025-06-07 16:45:31.553322,126.0,95.12,False,0,None,None
2025-06-07 16:45:32.927145,107.0,98.3,False,0,None,None
2025-06-07 16:45:34.276397,101.0,98.05,False,0,None,None
2025-06-07 16:45:35.799567,73.0,93.89,False,0,None,None
2025-06-07 16:45:37.871071,109.0,96.43,False,0,None,None
2025-06-07 16:45:39.232192,106.0,98.05,False,0,None,None
2025-06-07 16:45:40.593061,100.0,98.05,False,0,None,None
2025-06-07 16:45:41.957882,89.0,98.83,False,0,None,None
2025-06-07 16:45:43.315887,92.0,98.05,False,0,None,None
2025-06-07 16:45:44.674437,100.0,98.05,False,0,None,None
2025-06-07 16:45:46.033910,97.0,98.05,False,0,None,None
2025-06-07 16:45:47.391434,96.0,98.05,False,0,None,None
2025-06-07 16:45:49.088155,134.0,96.43,False,0,None,None
2025-06-07 16:45:50.590061,98.0,92.64,False,0,None,None
2025-06-07 16:45:52.114698,127.0,120.63,False,0,None,None
2025-06-07 16:45:53.788830,95.0,97.35,False,0,None,None
2025-06-07 16:45:55.232879,108.0,103.76,False,0,None,None
2025-06-07 16:45:56.594691,108.0,97.83,False,0,None,None
2025-06-07 16:45:57.951467,102.0,99.3,False,0,None,None
2025-06-07 16:45:59.311261,61.0,95.45,False,0,None,None
2025-06-07 16:46:00.756067,87.0,113.38,False,0,None,None
2025-06-07 16:46:02.110553,88.0,98.02,False,0,None,None
2025-06-07 16:46:03.632161,79.0,86.89,False,0,None,None
2025-06-07 16:46:04.996647,110.0,111.02,False,0,None,None
2025-06-07 16:46:06.519726,82.0,81.24,False,0,None,None
2025-06-07 16:46:08.643141,105.0,106.33,False,0,None,None
2025-06-07 16:46:10.357317,71.0,80.95,False,0,None,None
2025-06-07 16:46:12.053678,77.0,91.98,False,0,None,None
2025-06-07 16:46:13.660935,76.0,87.34,False,0,None,None
2025-06-07 16:46:15.820013,80.0,86.7,False,0,None,None
2025-06-07 16:46:17.309114,89.0,86.63,False,0,None,None
2025-06-07 16:46:18.674388,104.0,91.7,False,0,None,None
2025-06-07 16:46:20.275400,119.0,99.56,False,0,None,None
2025-06-07 16:46:21.947508,94.0,82.53,False,0,None,None
2025-06-07 16:46:23.314940,116.0,114.52,False,0,None,None
2025-06-07 16:46:25.240967,217.0,111.43,False,0,None,None
2025-06-07 16:46:26.753197,104.0,75.01,False,0,None,None
2025-06-07 16:46:28.669864,121.0,110.48,False,0,None,None
2025-06-07 16:46:32.031633,75.0,76.01,False,0,None,None
2025-06-07 16:46:33.391975,81.0,97.93,False,0,None,None
2025-06-07 16:46:34.911278,97.0,114.78,False,0,None,None
2025-06-07 16:46:36.385591,54.0,71.94,False,0,None,None
2025-06-07 16:46:37.790558,78.0,108.93,False,0,None,None
2025-06-07 16:46:39.321655,53.0,89.29,False,0,None,None
2025-06-07 16:46:40.756750,91.0,112.37,False,0,None,None
2025-06-07 16:46:42.459360,56.0,77.8,False,0,None,None
2025-06-07 16:46:44.037763,69.0,100.13,False,0,None,None
2025-06-07 16:46:45.394380,73.0,85.49,False,0,None,None
2025-06-07 16:46:46.870496,89.0,100.37,False,0,None,None
2025-06-07 16:46:48.444134,128.0,104.02,False,0,None,None
2025-06-07 16:46:49.804382,122.0,89.74,False,0,None,None
2025-06-07 16:46:51.232121,81.0,71.36,False,0,None,None
2025-06-07 16:46:52.539816,57.0,83.76,False,0,None,None
2025-06-07 16:46:54.032238,102.0,112.75,False,0,None,None
2025-06-07 16:46:55.399330,104.0,104.12,False,0,None,None
2025-06-07 17:01:59.977292,52.0,52.0,False,0,None,None
2025-06-07 17:02:02.056768,67.0,67.0,False,0,None,None
2025-06-07 17:02:03.630541,93.0,93.0,False,0,None,None
2025-06-07 17:02:05.387415,69.0,69.0,False,0,None,None
2025-06-07 17:02:06.667092,81.0,80.28,False,0,None,None
2025-06-07 17:02:08.265906,92.0,80.24,False,0,None,None
2025-06-07 17:02:10.536886,85.0,79.26,False,0,None,None
2025-06-07 17:02:12.038825,84.0,79.74,False,0,None,None
2025-06-07 17:02:13.386656,68.0,78.94,False,0,None,None
2025-06-07 17:02:14.761152,91.0,81.9,False,0,None,None
2025-06-07 17:02:16.438823,88.0,79.42,False,0,None,None
2025-06-07 17:02:17.884196,84.0,79.42,False,0,None,None
2025-06-07 17:02:19.312922,117.0,82.48,False,0,None,None
2025-06-07 17:02:20.668927,91.0,80.48,False,0,None,None
2025-06-07 17:02:22.934247,75.0,79.0,False,0,None,None
2025-06-07 17:02:24.271310,97.0,82.24,False,0,None,None
2025-06-07 18:27:00.110471,70.0,70.0,False,0,None,None
2025-06-07 18:27:01.970966,132.0,132.0,False,0,None,None
2025-06-07 18:27:02.628175,91.0,91.0,False,0,None,None
2025-06-07 18:27:04.040109,141.0,141.0,False,0,None,None
2025-06-07 18:27:04.478457,79.0,79.0,False,0,None,None
2025-06-07 18:27:06.056970,81.0,81.0,False,0,None,None
2025-06-07 18:27:06.528855,41.0,41.0,False,0,None,None
2025-06-07 18:27:08.451590,137.0,137.0,False,0,None,None
2025-06-07 18:27:08.325843,283.0,236.63,False,0,None,None
2025-06-07 18:27:10.979099,215.0,206.42,False,0,None,None
2025-06-07 18:27:10.525919,194.0,170.93,False,0,None,None
2025-06-07 18:27:13.658816,61.0,215.9,False,0,None,None
2025-06-07 18:27:14.462904,246.0,170.35,False,0,None,None
2025-06-07 18:27:16.290248,105.0,207.53,False,0,None,None
2025-06-07 18:27:16.883072,295.0,170.35,False,0,None,None
2025-06-07 18:27:18.453078,174.0,208.55,False,0,None,None
2025-06-07 18:27:19.324450,157.0,149.13,False,0,None,None
2025-06-07 18:27:20.638670,234.0,207.53,False,0,None,None
2025-06-07 18:27:21.175271,104.0,151.01,False,0,None,None
2025-06-07 18:27:22.773233,179.0,205.4,False,0,None,None
2025-06-07 18:27:23.486428,77.0,145.65,False,0,None,None
2025-06-07 18:27:25.459086,126.0,185.18,False,0,None,None
2025-06-07 18:27:26.059425,125.0,170.35,False,0,None,None
2025-06-07 18:27:27.932931,113.0,189.05,False,0,None,None
2025-06-07 18:27:28.572465,81.0,139.73,False,0,None,None
2025-06-07 18:27:29.747224,108.0,189.05,False,0,None,None
2025-06-07 18:27:30.811317,117.0,143.36,False,0,None,None
2025-06-07 18:27:31.526827,50.0,150.02,False,0,None,None
2025-06-07 18:27:32.583421,222.0,166.19,False,0,None,None
2025-06-07 18:27:33.614817,128.0,140.35,False,0,None,None
2025-06-07 18:27:34.306628,135.0,149.13,False,0,None,None
2025-06-07 18:27:35.613059,199.0,155.54,False,0,None,None
2025-06-07 18:27:35.906843,183.0,170.35,False,0,None,None
2025-06-07 18:27:37.253972,103.0,152.57,False,0,None,None
2025-06-07 18:27:37.860489,185.0,140.69,False,0,None,None
2025-06-07 18:27:39.218132,130.0,156.6,False,0,None,None
2025-06-07 18:27:39.511568,98.0,145.14,False,0,None,None
2025-06-07 18:27:40.959768,118.0,119.18,False,0,None,None
2025-06-07 18:27:41.410701,218.0,163.34,False,0,None,None
2025-06-07 18:27:42.991114,190.0,143.03,False,0,None,None
2025-06-07 18:27:43.359243,100.0,105.83,False,0,None,None
2025-06-07 18:27:44.759628,192.0,120.97,False,0,None,None
2025-06-07 18:27:45.538279,188.0,210.68,False,0,None,None
2025-06-07 18:27:46.632253,265.0,185.39,False,0,None,None
2025-06-07 18:27:47.504769,171.0,130.07,False,0,None,None
2025-06-07 18:27:48.941154,286.0,154.85,False,0,None,None
2025-06-07 18:27:49.609801,261.0,226.45,False,0,None,None
2025-06-07 18:27:51.255309,131.0,158.18,False,0,None,None
2025-06-07 18:27:51.891720,136.0,134.41,False,0,None,None
2025-06-07 18:27:53.273061,153.0,154.03,False,0,None,None
2025-06-07 18:27:53.865757,204.0,224.99,False,0,None,None
2025-06-07 18:27:55.580228,310.0,218.04,False,0,None,None
2025-06-07 18:27:55.696467,58.0,132.21,False,0,None,None
2025-06-07 18:27:57.529066,154.0,163.35,False,0,None,None
2025-06-07 18:27:57.710883,175.0,224.17,False,0,None,None
2025-06-07 18:27:59.406574,87.0,131.45,False,0,None,None
2025-06-07 18:27:59.293440,112.0,158.42,False,0,None,None
2025-06-07 18:28:01.229905,124.0,159.36,False,0,None,None
2025-06-07 18:28:01.245781,146.0,204.05,False,0,None,None
2025-06-07 18:28:02.883456,51.0,164.14,False,0,None,None
2025-06-07 18:28:03.192751,202.0,205.84,False,0,None,None
2025-06-07 18:28:04.302820,38.0,158.23,False,0,None,None
2025-06-07 18:28:04.818134,49.0,108.77,False,0,None,None
2025-06-07 18:28:05.942661,164.0,203.61,False,0,None,None
2025-06-07 18:28:06.474763,93.0,154.34,False,0,None,None
2025-06-07 18:28:07.747802,189.0,148.36,False,0,None,None
2025-06-07 18:28:08.404923,309.0,223.15,False,0,None,None
2025-06-07 18:28:09.307314,133.0,157.59,False,0,None,None
2025-06-07 18:28:10.424890,52.0,112.82,False,0,None,None
2025-06-07 18:28:11.192995,228.0,203.56,False,0,None,None
2025-06-07 18:28:12.406030,98.0,172.85,False,0,None,None
2025-06-07 18:28:12.959713,150.0,118.44,False,0,None,None
2025-06-07 18:28:14.165470,127.0,137.59,False,0,None,None
2025-06-07 18:28:14.818486,232.0,178.34,False,0,None,None
2025-06-07 18:28:16.016742,63.0,107.43,False,0,None,None
2025-06-07 18:28:16.663852,133.0,142.72,False,0,None,None
2025-06-07 18:28:18.459641,275.0,220.44,False,0,None,None
2025-06-07 18:28:18.676387,102.0,110.49,False,0,None,None
2025-06-07 18:28:20.025740,61.0,116.4,False,0,None,None
2025-06-07 18:28:21.284645,120.0,167.16,False,0,None,None
2025-06-07 18:28:23.056879,106.0,120.86,False,0,None,None
2025-06-07 18:28:21.608064,124.0,163.62,False,0,None,None
2025-06-07 18:28:24.742506,94.0,110.5,False,0,None,None
2025-06-07 18:28:25.110845,144.0,113.06,False,0,None,None
2025-06-07 18:28:26.614145,254.0,223.69,False,0,None,None
2025-06-07 18:28:26.984846,244.0,218.69,False,0,None,None
2025-06-07 18:28:28.669405,81.0,69.8,False,0,None,None
2025-06-07 18:28:28.676371,248.0,125.92,False,0,None,None
2025-06-07 18:28:30.784130,116.0,127.65,False,0,None,None
2025-06-07 18:28:30.882981,51.0,137.26,False,0,None,None
2025-06-07 18:28:32.402873,201.0,198.31,False,0,None,None
2025-06-07 18:28:32.583035,280.0,242.99,False,0,None,None
2025-06-07 18:28:34.076987,91.0,99.66,False,0,None,None
2025-06-07 18:28:34.304555,60.0,120.23,False,0,None,None
2025-06-07 18:28:35.669152,122.0,115.09,False,0,None,None
2025-06-07 18:28:37.277869,78.0,87.12,False,0,None,None
2025-06-07 18:28:37.289401,77.0,87.63,False,0,None,None
2025-06-07 18:28:39.040455,48.0,84.54,False,0,None,None
2025-06-07 18:28:39.226366,115.0,117.68,False,0,None,None
2025-06-07 18:28:40.726383,68.0,124.48,False,0,None,None
2025-06-07 18:28:40.912885,116.0,120.98,False,0,None,None
2025-06-07 18:28:42.424105,105.0,123.14,False,0,None,None
2025-06-07 18:28:42.672843,107.0,109.37,False,0,None,None
2025-06-07 18:28:44.008901,107.0,147.63,False,0,None,None
2025-06-07 18:28:44.333878,91.0,102.81,False,0,None,None
2025-06-07 18:28:45.689582,62.0,90.44,False,0,None,None
2025-06-07 18:28:46.319240,90.0,117.99,False,0,None,None
2025-06-07 18:28:47.282886,102.0,137.5,False,0,None,None
2025-06-07 18:28:47.766121,63.0,86.49,False,0,None,None
2025-06-07 18:28:48.815919,121.0,140.94,False,0,None,None
2025-06-07 18:28:49.278764,78.0,112.34,False,0,None,None
2025-06-07 18:28:50.618472,57.0,84.67,False,0,None,None
2025-06-07 18:28:50.969224,157.0,157.0,False,0,None,None
2025-06-07 18:28:52.320439,109.0,142.2,False,0,None,None
2025-06-07 18:28:52.487359,70.0,82.27,False,0,None,None
2025-06-07 18:28:54.000564,76.0,117.29,False,0,None,None
2025-06-07 18:28:53.862663,96.0,96.8,False,0,None,None
2025-06-07 18:28:55.544270,65.0,106.62,False,0,None,None
2025-06-07 18:28:55.761303,66.0,83.8,False,0,None,None
2025-06-07 18:28:57.527930,100.0,110.18,False,0,None,None
2025-06-07 18:28:57.008731,65.0,69.22,False,0,None,None
2025-06-07 18:28:59.119425,92.0,104.91,False,0,None,None
2025-06-07 18:28:59.422834,70.0,76.25,False,0,None,None
2025-06-07 18:29:00.738651,127.0,120.71,False,0,None,None
2025-06-07 18:29:00.811670,62.0,69.39,False,0,None,None
2025-06-07 18:29:02.344372,120.0,119.66,False,0,None,None
2025-06-07 18:29:02.413334,121.0,152.51,False,0,None,None
2025-06-07 18:29:03.941221,76.0,98.48,False,0,None,None
2025-06-07 18:29:03.970499,50.0,53.61,False,0,None,None
2025-06-07 18:29:05.608142,57.0,103.28,False,0,None,None
2025-06-07 18:29:05.705961,106.0,162.34,False,0,None,None
2025-06-07 18:29:07.275209,82.0,118.81,False,0,None,None
2025-06-07 18:29:07.294894,84.0,60.16,False,0,None,None
2025-06-07 18:29:09.449724,107.0,118.56,False,0,None,None
2025-06-07 18:29:09.466168,68.0,62.8,False,0,None,None
2025-06-07 18:29:11.688498,57.0,59.3,False,0,None,None
2025-06-07 18:29:11.726141,116.0,113.18,False,0,None,None
2025-06-07 18:29:14.725730,108.0,162.61,False,0,None,None
2025-06-07 18:29:14.732559,102.0,97.43,False,0,None,None
2025-06-07 18:29:16.371018,73.0,66.61,False,0,None,None
2025-06-07 18:29:16.562865,208.0,181.43,False,0,None,None
2025-06-07 18:29:17.873102,71.0,68.54,False,0,None,None
2025-06-07 18:29:18.379009,58.0,96.49,False,0,None,None
2025-06-07 18:29:19.768570,58.0,64.86,False,0,None,None
2025-06-07 18:29:20.568507,79.0,122.96,False,0,None,None
2025-06-07 18:29:21.594392,102.0,95.46,False,0,None,None
2025-06-07 18:29:22.244646,111.0,120.04,False,0,None,None
2025-06-07 18:29:23.217691,91.0,75.69,False,0,None,None
2025-06-07 18:29:24.407536,74.0,88.43,False,0,None,None
2025-06-07 18:29:24.591142,57.0,63.82,False,0,None,None
2025-06-07 18:29:26.161907,101.0,108.24,False,0,None,None
2025-06-07 18:29:26.495800,130.0,152.64,False,0,None,None
2025-06-07 18:29:27.995075,78.0,91.92,False,0,None,None
2025-06-07 18:29:28.287115,120.0,76.77,False,0,None,None
2025-06-07 18:29:30.260289,127.0,108.27,False,0,None,None
2025-06-07 18:29:30.866700,83.0,70.05,False,0,None,None
2025-06-07 18:29:32.752839,144.0,158.22,False,0,None,None
2025-06-07 18:29:32.424780,81.0,78.5,False,0,None,None
2025-06-07 18:29:35.326834,55.0,68.81,False,0,None,None
2025-06-07 18:29:34.673887,65.0,72.08,False,0,None,None
2025-06-07 18:29:38.355926,99.0,106.58,False,0,None,None
2025-06-07 18:29:38.340637,99.0,106.06,False,0,None,None
2025-06-07 18:29:40.076932,147.0,133.3,False,0,None,None
2025-06-07 18:29:40.088797,135.0,114.62,False,0,None,None
2025-06-07 18:29:41.653315,118.0,77.29,False,0,None,None
2025-06-07 18:29:41.656802,70.0,65.85,False,0,None,None
2025-06-07 18:29:43.359996,110.0,94.09,False,0,None,None
2025-06-07 18:29:43.356764,110.0,106.57,False,0,None,None
2025-06-07 18:29:44.890584,112.0,123.95,False,0,None,None
2025-06-07 18:29:44.886904,114.0,98.66,False,0,None,None
2025-06-07 18:29:46.486982,101.0,104.49,False,0,None,None
2025-06-07 18:29:46.508021,101.0,88.51,False,0,None,None
2025-06-07 18:29:48.175875,100.0,120.59,False,0,None,None
2025-06-07 18:29:48.178952,95.0,92.41,False,0,None,None
